NAME,GSS_CODE,HECTARES,NONLD_AREA,LB_GSS_CD,BOROUGH,POLY_ID,CountJunctions_y,WardArea_y,JunctionRatio_y
Chessington South,E05000405,755.173,0,E09000021,Kingston upon Thames,50840,236,7551782,0.00003125
Tolworth and Hook Rise,E05000414,259.464,0,E09000021,Kingston upon Thames,117160,160,2594666,0.000061665
Berrylands,E05000401,145.39,0,E09000021,Kingston upon Thames,50449,103,1453887,0.000070844
Alexandra,E05000400,268.506,0,E09000021,Kingston upon Thames,50456,157,2685019,0.000058472
Beverley,E05000402,187.821,0,E09000021,Kingston upon Thames,117161,107,1878204,0.000056969
Coombe Hill,E05000406,442.17,0,E09000021,Kingston upon Thames,117159,220,4421680,0.000049754
Chessington North and Hook,E05000404,192.98,0,E09000021,Kingston upon Thames,50530,160,1929805,0.000082909
Surbiton Hill,E05000413,166.482,0,E09000021,Kingston upon Thames,50457,167,1664836,0.00010031
Old Malden,E05000410,180.016,0,E09000021,Kingston upon Thames,50455,133,1800152,0.000073882
St. Mark's,E05000412,137.578,0,E09000021,Kingston upon Thames,50450,125,1375763,0.000090858
Grove,E05000408,192.034,0,E09000021,Kingston upon Thames,50458,226,1920347,0.000117687
Canbury,E05000403,124.241,0,E09000021,Kingston upon Thames,51118,131,1242408,0.00010544
Norbiton,E05000409,134.711,0,E09000021,Kingston upon Thames,50451,115,1347124,0.000085367
Coombe Vale,E05000407,164.71,0,E09000021,Kingston upon Thames,50452,133,1647111,0.000080747
St. James,E05000411,216.584,0,E09000021,Kingston upon Thames,50454,153,2165871,0.000070641
Tudor,E05000415,158.255,0,E09000021,Kingston upon Thames,51117,167,1582521,0.000105527
Coulsdon East,E05000150,774.358,0,E09000008,Croydon,50897,181,7743610,0.000023374
Selsdon and Ballards,E05000162,639.834,0,E09000008,Croydon,50900,162,6398350,0.000025319
Coulsdon West,E05000151,499.147,0,E09000008,Croydon,51328,200,4991428,0.000040068
Waddon,E05000167,364.759,0,E09000008,Croydon,51256,254,3647574,0.000069635
Kenley,E05000156,645.609,0,E09000008,Croydon,50898,241,6456114,0.000037329
Purley,E05000159,417.518,0,E09000008,Croydon,51329,245,4175166,0.00005868
Sanderstead,E05000160,634.697,0,E09000008,Croydon,50899,206,6346947,0.000032456
Heathfield,E05000155,871.342,0,E09000008,Croydon,51332,254,8713469,0.00002915
Fairfield,E05000153,377.221,0,E09000008,Croydon,51198,320,3772226,0.00008483
Broad Green,E05000149,266.195,0,E09000008,Croydon,51196,241,2661951,0.000090535
West Thornton,E05000168,197.117,0,E09000008,Croydon,51197,188,1971151,0.000095375
Bensham Manor,E05000148,144.147,0,E09000008,Croydon,51145,128,1441463,0.000088798
Norbury,E05000158,251.818,0,E09000008,Croydon,51192,194,2518187,0.000077039
New Addington,E05000157,241.71,0,E09000008,Croydon,50901,141,2417072,0.000058335
Croham,E05000152,352.705,0,E09000008,Croydon,51331,232,3527083,0.000065776
Fieldway,E05000154,148.649,0,E09000008,Croydon,51261,96,1486485,0.000064581
Shirley,E05000163,280.541,0,E09000008,Croydon,116954,234,2805406,0.00008341
Selhurst,E05000161,227.303,0,E09000008,Croydon,51199,182,2273030,0.000080069
Ashburton,E05000147,271.173,0,E09000008,Croydon,51259,203,2711714,0.00007486
Woodside,E05000169,216.651,0,E09000008,Croydon,116956,175,2166519,0.000080774
Thornton Heath,E05000165,168.107,0,E09000008,Croydon,51232,157,1681076,0.000093392
Upper Norwood,E05000166,262.328,0,E09000008,Croydon,119328,187,2623289,0.000071284
South Norwood,E05000164,237.817,0,E09000008,Croydon,51146,212,2378172,0.000089144
Addiscombe,E05000146,158.808,0,E09000008,Croydon,51257,155,1588079,0.000097602
Darwin,E05000117,2903.96,0,E09000006,Bromley,117267,179,29039637,0.000006164
Hayes and Coney Hall,E05000119,1082.306,0,E09000006,Bromley,117271,328,10823010,0.000030305
Bromley Common and Keston,E05000108,830.82,0,E09000006,Bromley,50903,302,8308219,0.000036349
Chelsfield and Pratts Bottom,E05000110,1256.32,0,E09000006,Bromley,117270,288,12563169,0.000022924
Biggin Hill,E05000107,828.039,0,E09000006,Bromley,50896,130,8280370,0.000015699
West Wickham,E05000127,441.047,0,E09000006,Bromley,117268,255,4410464,0.000057817
Clock House,E05000112,226.647,0,E09000006,Bromley,117277,150,2266433,0.000066183
Kelsey and Eden Park,E05000120,519.895,0,E09000006,Bromley,117269,363,5198963,0.000069821
Farnborough and Crofton,E05000118,700.584,0,E09000006,Bromley,117272,303,7005826,0.000043249
Shortlands,E05000126,245.665,0,E09000006,Bromley,117276,164,2456676,0.000066756
Bromley Town,E05000109,371.656,0,E09000006,Bromley,117281,259,3716585,0.000069687
Bickley,E05000106,486.913,0,E09000006,Bromley,51335,324,4869086,0.000066542
Petts Wood and Knoll,E05000124,430.127,0,E09000006,Bromley,50912,189,4301311,0.00004394
Crystal Palace,E05000116,229.114,0,E09000006,Bromley,117275,185,2291141,0.000080745
Penge and Cator,E05000123,295.972,0,E09000006,Bromley,117278,198,2959729,0.000066898
Copers Cope,E05000113,328.692,0,E09000006,Bromley,117279,292,3286948,0.000088836
Plaistow and Sundridge,E05000125,400.094,0,E09000006,Bromley,51336,236,4000908,0.000058986
Chislehurst,E05000111,1044.12,0,E09000006,Bromley,50911,378,10441236,0.000036202
Mottingham and Chislehurst North,E05000121,244.184,0,E09000006,Bromley,51338,118,2441838,0.000048324
Orpington,E05000122,425.616,0,E09000006,Bromley,117280,245,4256200,0.000057563
Cray Valley West,E05000115,393.85,0,E09000006,Bromley,117273,226,3938484,0.000057382
Cray Valley East,E05000114,1327.866,0,E09000006,Bromley,117274,325,13278628,0.000024475
Bedfont,E05000346,444.841,0,E09000018,Hounslow,51131,217,4448396,0.000048781
Hanworth,E05000353,323.258,0,E09000018,Hounslow,51122,252,3232592,0.000077956
Cranford,E05000350,272.63,0,E09000018,Hounslow,51125,269,2726266,0.000098669
Syon,E05000364,285.378,13.187,E09000018,Hounslow,117104,226,2853762,0.000079193
Heston West,E05000357,382.657,0,E09000018,Hounslow,51133,221,3826597,0.000057753
Heston East,E05000356,205.913,0,E09000018,Hounslow,117113,179,2059103,0.000086931
Osterley and Spring Grove,E05000363,627.784,0,E09000018,Hounslow,117103,239,6277863,0.00003807
Brentford,E05000347,318.351,3.263,E09000018,Hounslow,117105,251,3183527,0.000078843
Chiswick Homefields,E05000348,225.923,22.286,E09000018,Hounslow,117106,131,2259239,0.000057984
Feltham West,E05000352,318.105,0,E09000018,Hounslow,117107,223,3181055,0.000070102
Hanworth Park,E05000354,366.126,0,E09000018,Hounslow,51123,238,3661220,0.000065005
Feltham North,E05000351,338.448,0,E09000018,Hounslow,117102,217,3384548,0.000064114
Hounslow Heath,E05000359,278.178,0,E09000018,Hounslow,117108,155,2781809,0.000055719
Hounslow West,E05000361,162.018,0,E09000018,Hounslow,117109,182,1620152,0.000112335
Heston Central,E05000355,168.478,0,E09000018,Hounslow,117112,164,1684781,0.000097342
Hounslow South,E05000360,179.011,0,E09000018,Hounslow,117110,255,1790106,0.000142449
Isleworth,E05000362,203.089,6.436,E09000018,Hounslow,117111,188,2030917,0.000092569
Hounslow Central,E05000358,173.393,0,E09000018,Hounslow,117116,155,1733931,0.000089392
Chiswick Riverside,E05000349,208.007,15.584,E09000018,Hounslow,117114,173,2080064,0.00008317
Turnham Green,E05000365,176.953,0,E09000018,Hounslow,117115,204,1769512,0.000115286
Norwood Green,E05000186,379.609,0,E09000009,Ealing,116744,192,3796151,0.000050577
Southall Green,E05000190,158.616,0,E09000009,Ealing,51134,205,1586174,0.000129241
Northolt West End,E05000185,354.536,0,E09000009,Ealing,51089,208,3545383,0.000058667
Dormers Wells,E05000172,225.73,0,E09000009,Ealing,116745,281,2257270,0.000124486
Greenford Broadway,E05000177,251.669,0,E09000009,Ealing,116746,280,2516688,0.000111257
North Greenford,E05000183,325.737,0,E09000009,Ealing,71036,166,3257413,0.00005096
Northfield,E05000182,154.011,0,E09000009,Ealing,50524,141,1540106,0.000091552
East Acton,E05000175,427.588,0,E09000009,Ealing,116749,469,4275907,0.000109684
Southall Broadway,E05000189,161.725,0,E09000009,Ealing,51091,133,1617196,0.000082241
Elthorne,E05000176,199.963,0,E09000009,Ealing,51087,175,1999653,0.000087515
Walpole,E05000192,146.596,0,E09000009,Ealing,51112,169,1465968,0.000115282
Lady Margaret,E05000181,154.182,0,E09000009,Ealing,50955,475,1541810,0.000308079
Northolt Mandeville,E05000184,275.664,0,E09000009,Ealing,51013,211,2756665,0.000076541
Hobbayne,E05000180,220.937,0,E09000009,Ealing,51086,199,2209359,0.000090071
Cleveland,E05000171,222.856,0,E09000009,Ealing,50521,161,2228554,0.000072244
Greenford Green,E05000178,338.477,0,E09000009,Ealing,116747,274,3384776,0.00008095
Perivale,E05000187,336.775,0,E09000009,Ealing,51106,325,3367723,0.000096504
Ealing Common,E05000174,214.106,0,E09000009,Ealing,51111,233,2141052,0.000108825
Ealing Broadway,E05000173,185.676,0,E09000009,Ealing,51110,198,1856766,0.000106637
South Acton,E05000188,171.92,0,E09000009,Ealing,51062,170,1719219,0.000098882
Southfield,E05000191,142.869,0,E09000009,Ealing,116748,229,1428683,0.000160287
Acton Central,E05000170,177.463,0,E09000009,Ealing,51060,147,1774621,0.000082834
Hanger Hill,E05000179,327.724,0,E09000009,Ealing,50522,319,3277213,0.000097338
Upminster,E05000323,2253.736,0,E09000016,Havering,116694,244,22537302,0.000010826
Rainham and Wennington,E05000318,1688.01,154.284,E09000016,Havering,50925,271,16880092,0.000016054
South Hornchurch,E05000321,687.318,56.479,E09000016,Havering,116695,276,6873151,0.000040156
Elm Park,E05000308,366.535,0,E09000016,Havering,116696,183,3665338,0.000049927
Brooklands,E05000306,420.264,0,E09000016,Havering,116702,201,4202621,0.000047827
Romford Town,E05000319,286.473,0,E09000016,Havering,116703,295,2864698,0.000102977
Mawneys,E05000316,304.261,0,E09000016,Havering,51287,200,3042646,0.000065732
Pettits,E05000317,395.457,0,E09000016,Havering,116708,200,3954584,0.000050574
Hacton,E05000311,246.542,0,E09000016,Havering,116704,192,2465418,0.000077877
St. Andrew's,E05000320,267.712,0,E09000016,Havering,116705,178,2677112,0.000066489
Emerson Park,E05000309,464.243,0,E09000016,Havering,116706,198,4642411,0.00004265
Squirrel's Heath,E05000322,265.147,0,E09000016,Havering,116697,180,2651477,0.000067886
Harold Wood,E05000312,758.973,0,E09000016,Havering,116699,281,7589721,0.000037023
Cranham,E05000307,655.501,0,E09000016,Havering,116707,226,6555072,0.000034477
Havering Park,E05000313,978.33,0,E09000016,Havering,116698,209,9783262,0.000021363
Heaton,E05000314,341.564,0,E09000016,Havering,116700,178,3415652,0.000052113
Gooshays,E05000310,775.896,0,E09000016,Havering,116701,249,7758962,0.000032091
Hylands,E05000315,289.774,0,E09000016,Havering,50930,214,2897748,0.00007385
Heathrow Villages,E05000331,2352.117,0,E09000017,Hillingdon,116716,763,23521174,0.000032438
Harefield,E05000330,1522.704,0,E09000017,Hillingdon,51039,172,15227017,0.000011295
West Drayton,E05000342,349.07,0,E09000017,Hillingdon,116720,247,3490744,0.000070758
Yiewsley,E05000345,402.251,0,E09000017,Hillingdon,116722,241,4022507,0.000059912
Uxbridge South,E05000341,311.447,0,E09000017,Hillingdon,116718,241,3114474,0.00007738
Brunel,E05000326,327.691,0,E09000017,Hillingdon,51033,241,3276877,0.000073545
Uxbridge North,E05000340,464.118,0,E09000017,Hillingdon,51032,278,4641169,0.000059898
Hillingdon East,E05000332,359.812,0,E09000017,Hillingdon,116723,269,3598128,0.000074761
Ickenham,E05000333,620.442,0,E09000017,Hillingdon,51031,231,6204430,0.000037231
West Ruislip,E05000343,438.74,0,E09000017,Hillingdon,51023,233,4387401,0.000053106
Northwood,E05000335,739.794,0,E09000017,Hillingdon,51029,252,7397931,0.000034063
South Ruislip,E05000338,741.795,0,E09000017,Hillingdon,116719,325,7417907,0.000043812
Manor,E05000334,197.418,0,E09000017,Hillingdon,51022,244,1974144,0.000123597
Eastcote and East Ruislip,E05000329,406.341,0,E09000017,Hillingdon,116724,220,4063443,0.000054141
Northwood Hills,E05000336,332.91,0,E09000017,Hillingdon,51028,196,3329099,0.000058874
Pinkwell,E05000337,274.833,0,E09000017,Hillingdon,116721,243,2748307,0.000088418
Botwell,E05000325,436.277,0,E09000017,Hillingdon,116717,274,4362806,0.000062803
Charville,E05000328,297.433,0,E09000017,Hillingdon,51098,150,2974323,0.000050431
Townfield,E05000339,349.833,0,E09000017,Hillingdon,51092,225,3498308,0.000064316
Barnhill,E05000324,211.821,0,E09000017,Hillingdon,51097,189,2118237,0.000089225
Yeading,E05000344,232.126,0,E09000017,Hillingdon,51090,192,2321229,0.000082714
Cavendish,E05000327,201.145,0,E09000017,Hillingdon,51021,200,2011439,0.000099431
Roxeth,E05000302,157.492,0,E09000015,Harrow,51083,126,1574928,0.000080003
Harrow on the Hill,E05000289,357.209,0,E09000015,Harrow,50518,250,3572086,0.000069987
Pinner,E05000297,327.686,0,E09000015,Harrow,51019,177,3276849,0.000054015
Pinner South,E05000298,234.561,0,E09000015,Harrow,51020,153,2345614,0.000065228
Greenhill,E05000288,174.49,0,E09000015,Harrow,51077,186,1744879,0.000106597
Headstone North,E05000292,329.634,0,E09000015,Harrow,51027,168,3296331,0.000050965
Marlborough,E05000296,164.663,0,E09000015,Harrow,51078,153,1646604,0.000092918
Harrow Weald,E05000290,458.973,0,E09000015,Harrow,51015,186,4589702,0.000040525
Stanmore Park,E05000303,445.929,0,E09000015,Harrow,50516,272,4459264,0.000060996
Canons,E05000286,562.632,0,E09000015,Harrow,116972,256,5626371,0.0000455
Rayners Lane,E05000300,152.974,0,E09000015,Harrow,50957,221,1529736,0.000144469
Roxbourne,E05000301,150.576,0,E09000015,Harrow,51082,198,1505755,0.000131495
West Harrow,E05000305,151.462,0,E09000015,Harrow,51026,93,1514646,0.0000614
Hatch End,E05000291,327.866,0,E09000015,Harrow,51014,230,3278671,0.00007015
Headstone South,E05000293,146.764,0,E09000015,Harrow,51080,113,1467633,0.000076994
Kenton West,E05000295,176.456,0,E09000015,Harrow,50514,83,1764597,0.000047036
Wealdstone,E05000304,119.595,0,E09000015,Harrow,51079,130,1195976,0.000108697
Belmont,E05000285,177.704,0,E09000015,Harrow,116973,110,1777022,0.000061901
Kenton East,E05000294,127.926,0,E09000015,Harrow,50511,121,1279286,0.000094584
Queensbury,E05000299,161.364,0,E09000015,Harrow,116974,155,1613611,0.000096057
Edgware,E05000287,140.319,0,E09000015,Harrow,116975,137,1403186,0.000097635
Northwick Park,E05000096,267.991,0,E09000005,Brent,51109,184,2679938,0.000068658
Wembley Central,E05000104,160.424,0,E09000005,Brent,51105,142,1604224,0.000088516
Preston,E05000097,238.828,0,E09000005,Brent,51071,178,2388248,0.000074531
Stonebridge,E05000100,405.063,0,E09000005,Brent,116943,280,4050631,0.000069125
Welsh Harp,E05000103,231.897,0,E09000005,Brent,116949,266,2318944,0.000114707
Barnhill,E05000086,297.908,0,E09000005,Brent,116945,242,2979037,0.000081234
Fryent,E05000090,265.938,0,E09000005,Brent,116950,221,2659395,0.000083101
Sudbury,E05000101,212.48,0,E09000005,Brent,116944,157,2124778,0.00007389
Alperton,E05000085,205.853,0,E09000005,Brent,51069,229,2058549,0.000111243
Kensal Green,E05000092,112.008,0,E09000005,Brent,116951,116,1120049,0.000103566
Harlesden,E05000091,111.37,0,E09000005,Brent,116952,124,1113706,0.00011134
Willesden Green,E05000105,154.803,0,E09000005,Brent,50490,120,1548053,0.000077516
Queens Park,E05000098,148.562,0,E09000005,Brent,116947,114,1485633,0.000076735
Brondesbury Park,E05000087,172.942,0,E09000005,Brent,116953,138,1729413,0.000079795
Kilburn,E05000094,94.4,0,E09000005,Brent,50487,108,943995,0.000114407
Tokyngton,E05000102,275.917,0,E09000005,Brent,51104,242,2759199,0.000087706
Kenton,E05000093,224.315,0,E09000005,Brent,116946,178,2243129,0.000079353
Dudden Hill,E05000089,168.144,0,E09000005,Brent,116948,165,1681458,0.000098129
Dollis Hill,E05000088,229.956,0,E09000005,Brent,50548,164,2299551,0.000071318
Mapesbury,E05000095,139.347,0,E09000005,Brent,50489,129,1393466,0.000092574
Queensbury,E05000099,205.124,0,E09000005,Brent,50512,217,2051245,0.000105789
Underhill,E05000060,455.053,0,E09000003,Barnet,116789,238,4550549,0.000052301
High Barnet,E05000056,830.666,0,E09000003,Barnet,116787,339,8306624,0.00004081
West Hendon,E05000062,342.865,0,E09000003,Barnet,51065,250,3428659,0.000072914
Golders Green,E05000053,297.292,0,E09000003,Barnet,116790,252,2972918,0.000084765
Colindale,E05000046,263.627,0,E09000003,Barnet,51066,202,2636245,0.000076624
Childs Hill,E05000045,309.301,0,E09000003,Barnet,50578,231,3093001,0.000074684
Garden Suburb,E05000052,472.705,0,E09000003,Barnet,119325,359,4727041,0.000075946
Finchley Church End,E05000051,272.564,0,E09000003,Barnet,116791,270,2725662,0.000099058
East Finchley,E05000049,250.989,0,E09000003,Barnet,50492,294,2509887,0.000117136
Edgware,E05000050,555.652,0,E09000003,Barnet,50509,253,5556466,0.000045532
Mill Hill,E05000057,938.921,0,E09000003,Barnet,116788,406,9389235,0.000043241
Hale,E05000054,542.315,0,E09000003,Barnet,116792,243,5423194,0.000044807
Totteridge,E05000059,877.446,0,E09000003,Barnet,123573,259,8774457,0.000029517
Oakleigh,E05000058,331.861,0,E09000003,Barnet,50501,289,3318593,0.000087085
Woodhouse,E05000063,262.117,0,E09000003,Barnet,116794,275,2621158,0.000104915
Coppetts,E05000047,272.058,0,E09000003,Barnet,116795,219,2720603,0.000080496
Brunswick Park,E05000043,317.526,0,E09000003,Barnet,50500,298,3175249,0.00009385
East Barnet,E05000048,374.943,0,E09000003,Barnet,50507,275,3749403,0.000073345
Burnt Oak,E05000044,206.719,0,E09000003,Barnet,51073,193,2067227,0.000093361
Hendon,E05000055,283.871,0,E09000003,Barnet,50547,278,2838694,0.000097932
West Finchley,E05000061,216.344,0,E09000003,Barnet,116793,251,2163448,0.000116018
Streatham South,E05000431,169.809,0,E09000022,Lambeth,50786,152,1698068,0.000089513
St. Leonard's,E05000428,144.773,0,E09000022,Lambeth,51191,148,1447728,0.000102229
Streatham Wells,E05000432,144.978,0,E09000022,Lambeth,51190,145,1449790,0.000100014
Knight's Hill,E05000424,147.166,0,E09000022,Lambeth,117361,215,1471654,0.000146094
Thornton,E05000433,107.759,0,E09000022,Lambeth,117357,141,1077579,0.000130848
Streatham Hill,E05000430,127.063,0,E09000022,Lambeth,117358,137,1270630,0.00010782
Clapham Common,E05000418,133.854,0,E09000022,Lambeth,51276,143,1338555,0.000106831
Brixton Hill,E05000417,113.124,0,E09000022,Lambeth,117363,168,1131232,0.00014851
Tulse Hill,E05000435,103.195,0,E09000022,Lambeth,117359,134,1031948,0.000129851
Coldharbour,E05000420,120.806,0,E09000022,Lambeth,117364,164,1208061,0.000135754
Ferndale,E05000421,85.073,0,E09000022,Lambeth,50790,100,850733,0.000117545
Larkhall,E05000425,106.124,0,E09000022,Lambeth,50793,130,1061257,0.000122496
Oval,E05000426,127.764,3.586,E09000022,Lambeth,117366,149,1277647,0.00011662
Vassall,E05000436,112.973,0,E09000022,Lambeth,51224,145,1129711,0.000128351
Gipsy Hill,E05000422,157.067,0,E09000022,Lambeth,51228,177,1570645,0.000112692
Thurlow Park,E05000434,151.482,0,E09000022,Lambeth,117362,178,1514819,0.000117505
Herne Hill,E05000423,203.038,0,E09000022,Lambeth,117360,171,2030393,0.00008422
Bishop's,E05000416,153.959,30.258,E09000022,Lambeth,51177,173,1539607,0.000112366
Clapham Town,E05000419,111.893,0,E09000022,Lambeth,50816,168,1118927,0.000150143
Stockwell,E05000429,86.678,0,E09000022,Lambeth,117365,122,866762,0.000140753
Prince's,E05000427,116.363,10.083,E09000022,Lambeth,51181,160,1163595,0.000137504
College,E05000538,323.324,0,E09000028,Southwark,51229,196,3233254,0.00006062
Riverside,E05000548,132.822,28.574,E09000028,Southwark,51236,165,1328199,0.000124228
Village,E05000554,278.745,0,E09000028,Southwark,117345,166,2787415,0.000059553
South Camberwell,E05000551,133.149,0,E09000028,Southwark,117350,160,1331489,0.000120166
East Dulwich,E05000539,102.069,0,E09000028,Southwark,51269,104,1020691,0.000101891
Peckham Rye,E05000547,225.242,0,E09000028,Southwark,117346,148,2252415,0.000065707
Camberwell Green,E05000535,97.461,0,E09000028,Southwark,117353,128,974639,0.00013133
Brunswick Park,E05000534,93.441,0,E09000028,Southwark,51222,120,934391,0.000128425
The Lane,E05000553,138.888,0,E09000028,Southwark,117351,179,1388895,0.000128879
Nunhead,E05000545,132.84,0,E09000028,Southwark,117352,111,1328405,0.000083558
Peckham,E05000546,86.966,0,E09000028,Southwark,51170,123,869658,0.000141434
Newington,E05000544,83.358,0,E09000028,Southwark,51180,121,833605,0.000145152
Faraday,E05000541,87.815,0,E09000028,Southwark,51169,113,878155,0.000128678
East Walworth,E05000540,114.662,0,E09000028,Southwark,117348,130,1146618,0.000113376
Livesey,E05000543,143.832,0,E09000028,Southwark,117347,190,1438307,0.000132099
South Bermondsey,E05000550,97.363,0,E09000028,Southwark,51172,143,973619,0.000146874
Cathedrals,E05000536,176.822,18.584,E09000028,Southwark,117349,281,1768245,0.000158914
Grange,E05000542,121.453,0,E09000028,Southwark,117354,161,1214554,0.000132558
Rotherhithe,E05000549,149.05,12.968,E09000028,Southwark,117355,139,1490519,0.000093256
Surrey Docks,E05000552,190.062,45.013,E09000028,Southwark,50733,132,1900620,0.000069451
Chaucer,E05000537,81.977,0,E09000028,Southwark,50814,151,819748,0.000184203
Bellingham,E05000437,308.471,0,E09000023,Lewisham,117089,237,3084706,0.00007683
Telegraph Hill,E05000453,154.631,0,E09000023,Lewisham,117094,142,1546326,0.00009183
Downham,E05000442,238.178,0,E09000023,Lewisham,117085,190,2381812,0.000079771
Whitefoot,E05000454,223.004,0,E09000023,Lewisham,117086,250,2230033,0.000112106
Blackheath,E05000438,231.823,0,E09000023,Lewisham,117096,248,2318191,0.00010698
Sydenham,E05000452,174.372,0,E09000023,Lewisham,117087,187,1743705,0.000107242
Forest Hill,E05000444,182.785,0,E09000023,Lewisham,51164,197,1827837,0.000107777
Perry Vale,E05000450,168.45,0,E09000023,Lewisham,117088,193,1684478,0.000114575
Rushey Green,E05000451,178.524,0,E09000023,Lewisham,117090,176,1785237,0.000098586
Catford South,E05000440,186.655,0,E09000023,Lewisham,117091,115,1866543,0.000061611
Crofton Park,E05000441,171.962,0,E09000023,Lewisham,117100,157,1719629,0.000091298
Ladywell,E05000446,160.598,0,E09000023,Lewisham,117092,133,1605990,0.000082815
Lewisham Central,E05000448,206.203,0,E09000023,Lewisham,117093,221,2062021,0.000107176
Brockley,E05000439,168.183,0,E09000023,Lewisham,117095,189,1681822,0.000112378
New Cross,E05000449,181.114,1.407,E09000023,Lewisham,117097,176,1811127,0.000097177
Grove Park,E05000445,239.291,0,E09000023,Lewisham,117098,231,2392917,0.000096534
Lee Green,E05000447,179.842,0,E09000023,Lewisham,117099,167,1798441,0.000092858
Evelyn,E05000443,177.62,15.388,E09000023,Lewisham,117101,177,1776214,0.00009965
Middle Park and Sutcliffe,E05000224,329.143,0,E09000011,Greenwich,117371,206,3291449,0.000062586
Coldharbour and New Eltham,E05000217,254.935,0,E09000011,Greenwich,117370,198,2549308,0.000077668
Eltham South,E05000219,462.641,0,E09000011,Greenwich,117367,208,4626432,0.000044959
Shooters Hill,E05000227,377.072,0,E09000011,Greenwich,117368,208,3770700,0.000055162
Peninsula,E05000225,449.194,107.254,E09000011,Greenwich,117376,316,4491920,0.000070348
Woolwich Riverside,E05000230,326.109,72.317,E09000011,Greenwich,117378,231,3261078,0.000070835
Greenwich West,E05000222,279.234,26.431,E09000011,Greenwich,117369,232,2792372,0.000083083
Eltham West,E05000220,242.564,0,E09000011,Greenwich,117382,206,2425645,0.000084925
Blackheath Westcombe,E05000215,213.815,0,E09000011,Greenwich,117373,195,2138138,0.0000912
Kidbrooke with Hornfair,E05000223,237.454,0,E09000011,Greenwich,117374,163,2374532,0.000068645
Eltham North,E05000218,255.512,0,E09000011,Greenwich,117372,169,2555149,0.000066141
Charlton,E05000216,203.12,0,E09000011,Greenwich,117377,161,2031219,0.000079262
Woolwich Common,E05000229,262.035,0,E09000011,Greenwich,117375,222,2620380,0.00008472
Plumstead,E05000226,234.189,0,E09000011,Greenwich,117380,209,2341892,0.000089244
Glyndon,E05000221,170.196,15.42,E09000011,Greenwich,117379,142,1701960,0.000083433
Thamesmead Moorings,E05000228,481.256,89.362,E09000011,Greenwich,50872,213,4812550,0.000044259
Abbey Wood,E05000214,265.721,0,E09000011,Greenwich,117381,256,2657218,0.000096341
Longlands,E05000078,259.723,0,E09000004,Bexley,117119,176,2597239,0.000067764
Blackfen and Lamorbey,E05000066,168.558,0,E09000004,Bexley,117121,205,1685582,0.000121619
Cray Meadows,E05000072,719.031,0,E09000004,Bexley,117118,199,7190297,0.000027676
Sidcup,E05000083,270.347,0,E09000004,Bexley,117120,203,2703462,0.000075088
St. Mary's,E05000081,442.853,0,E09000004,Bexley,50888,226,4428495,0.000051033
Crayford,E05000071,397.229,0.451,E09000004,Bexley,117126,208,3972244,0.000052363
North End,E05000079,568.001,122.841,E09000004,Bexley,50918,178,5680089,0.000031337
Erith,E05000075,475.333,131.166,E09000004,Bexley,117129,208,4753344,0.000043758
Belvedere,E05000065,317.549,30.441,E09000004,Bexley,117130,209,3175481,0.000065816
Thamesmead East,E05000084,483.369,85.721,E09000004,Bexley,50862,176,4833681,0.000036411
Falconwood and Welling,E05000076,167.026,0,E09000004,Bexley,117122,187,1670255,0.000111959
East Wickham,E05000074,217.313,0,E09000004,Bexley,50877,163,2173117,0.000075007
Blendon and Penhill,E05000067,209.79,0,E09000004,Bexley,50890,217,2097934,0.000103435
Danson Park,E05000073,271.324,0,E09000004,Bexley,117123,189,2713248,0.000069658
Christchurch,E05000069,255.207,0,E09000004,Bexley,117124,231,2552070,0.000090514
St. Michael's,E05000082,144.814,0,E09000004,Bexley,50864,110,1448148,0.000075959
Brampton,E05000068,196.746,0,E09000004,Bexley,50883,153,1967481,0.000077764
Northumberland Heath,E05000080,175.282,0,E09000004,Bexley,117127,182,1752806,0.000103833
Barnehurst,E05000064,287.74,0,E09000004,Bexley,117125,179,2877359,0.000062209
Colyers,E05000070,164.393,0,E09000004,Bexley,117128,143,1643926,0.000086986
Lesnes Abbey,E05000077,237.019,0,E09000004,Bexley,117117,171,2370200,0.000072145
Chase,E05000195,1693.541,0,E09000010,Enfield,117071,230,16935433,0.000013581
Winchmore Hill,E05000213,276.07,0,E09000010,Enfield,117075,169,2760676,0.000061216
Cockfosters,E05000196,1041.279,0,E09000010,Enfield,117065,283,10412778,0.000027178
Highlands,E05000202,508.803,0,E09000010,Enfield,117068,244,5088027,0.000047955
Upper Edmonton,E05000212,264.24,0,E09000010,Enfield,117069,241,2642413,0.000091204
Palmers Green,E05000205,194.212,0,E09000010,Enfield,117074,232,1942128,0.000119456
Edmonton Green,E05000197,312.642,0,E09000010,Enfield,117076,245,3126447,0.000078363
Lower Edmonton,E05000204,218.248,0,E09000010,Enfield,117077,163,2182469,0.000074686
Grange,E05000200,328.516,0,E09000010,Enfield,117067,207,3285151,0.00006301
Jubilee,E05000203,392.833,0,E09000010,Enfield,117078,250,3928319,0.00006364
Ponders End,E05000206,354.296,0,E09000010,Enfield,117081,180,3542953,0.000050805
Enfield Highway,E05000198,463.653,0,E09000010,Enfield,117082,246,4636587,0.000053056
Bowes,E05000193,148.337,0,E09000010,Enfield,117073,128,1483365,0.00008629
Southgate Green,E05000209,261.351,0,E09000010,Enfield,117072,206,2613527,0.00007882
Southgate,E05000208,268.727,0,E09000010,Enfield,117066,231,2687232,0.000085962
Haselbury,E05000201,179.602,0,E09000010,Enfield,117084,185,1796007,0.000103006
Bush Hill Park,E05000194,252.449,0,E09000010,Enfield,117070,245,2524492,0.000097049
Town,E05000210,223.14,0,E09000010,Enfield,117080,212,2231376,0.000095008
Southbury,E05000207,286.704,0,E09000010,Enfield,117079,226,2867066,0.000078826
Turkey Street,E05000211,226.15,0,E09000010,Enfield,117083,211,2261496,0.000093301
Enfield Lock,E05000199,325.231,0,E09000010,Enfield,50605,189,3252247,0.000058113
Leyton,E05000604,203.218,0,E09000031,Waltham Forest,50808,154,2032190,0.00007578
High Street,E05000599,305.893,0,E09000031,Waltham Forest,50677,146,3058901,0.000047729
Higham Hill,E05000600,322.124,0,E09000031,Waltham Forest,50613,153,3221231,0.000047497
Valley,E05000607,198.482,0,E09000031,Waltham Forest,50612,175,1984829,0.000088168
Chingford Green,E05000593,372.664,0,E09000031,Waltham Forest,50614,176,3726627,0.000047227
Cathall,E05000591,105.712,0,E09000031,Waltham Forest,50807,89,1057121,0.00008419
Lea Bridge,E05000603,264.686,0,E09000031,Waltham Forest,50683,147,2646855,0.000055537
Markhouse,E05000606,145.704,0,E09000031,Waltham Forest,50692,130,1457079,0.000089219
Grove Green,E05000596,89.582,0,E09000031,Waltham Forest,50685,114,895820,0.000127257
Forest,E05000595,198.605,0,E09000031,Waltham Forest,51314,130,1986028,0.000065457
William Morris,E05000608,99.919,0,E09000031,Waltham Forest,50690,90,999176,0.000090074
Hoe Street,E05000601,110.006,0,E09000031,Waltham Forest,50686,122,1100069,0.000110902
Wood Street,E05000609,185.011,0,E09000031,Waltham Forest,50688,144,1850130,0.000077832
Chapel End,E05000592,185.015,0,E09000031,Waltham Forest,50689,84,1850149,0.000045401
Hale End and Highams Park,E05000597,234.689,0,E09000031,Waltham Forest,50603,146,2346903,0.000062209
Cann Hall,E05000590,85.788,0,E09000031,Waltham Forest,51317,115,857895,0.000134049
Larkswood,E05000602,206.57,0,E09000031,Waltham Forest,50601,204,2065717,0.000098755
Endlebury,E05000594,194.912,0,E09000031,Waltham Forest,50602,153,1949101,0.000078497
Hatch Lane,E05000598,241.621,0,E09000031,Waltham Forest,51311,168,2416243,0.000069529
Leytonstone,E05000605,130.591,0,E09000031,Waltham Forest,51313,125,1305900,0.000095719
Wanstead,E05000515,519.133,0,E09000026,Redbridge,116755,163,5191341,0.000031398
Cranbrook,E05000502,240.079,0,E09000026,Redbridge,51304,175,2400781,0.000072892
Newbury,E05000510,212.023,0,E09000026,Redbridge,51302,186,2120205,0.000087727
Roding,E05000511,236.297,0,E09000026,Redbridge,51306,160,2362940,0.000067712
Fairlop,E05000503,359.569,0,E09000026,Redbridge,51300,227,3595681,0.000063131
Goodmayes,E05000505,164.034,0,E09000026,Redbridge,51293,129,1640394,0.000078639
Aldborough,E05000495,859.974,0,E09000026,Redbridge,51299,246,8599743,0.000028605
Bridge,E05000497,257.86,0,E09000026,Redbridge,50604,193,2578580,0.000074847
Hainault,E05000506,565.287,0,E09000026,Redbridge,51288,186,5652895,0.000032903
Loxford,E05000507,128.823,2.3,E09000026,Redbridge,51354,134,1288241,0.000104017
Clementswood,E05000501,127.215,0,E09000026,Redbridge,51303,128,1272163,0.000100616
Mayfield,E05000508,188.217,0,E09000026,Redbridge,51292,136,1882150,0.000072257
Valentines,E05000514,150.328,0,E09000026,Redbridge,51307,103,1503243,0.000068518
Seven Kings,E05000512,208.338,0,E09000026,Redbridge,51291,128,2083353,0.000061439
Snaresbrook,E05000513,198.516,0,E09000026,Redbridge,116756,206,1985164,0.000103769
Clayhall,E05000500,249.389,0,E09000026,Redbridge,51305,215,2493907,0.00008621
Church End,E05000499,148.496,0,E09000026,Redbridge,51312,169,1484961,0.000113807
Barkingside,E05000496,152.92,0,E09000026,Redbridge,51308,153,1529230,0.00010005
Fullwell,E05000504,218.787,0,E09000026,Redbridge,51309,178,2187884,0.000081357
Chadwell,E05000498,151.263,0,E09000026,Redbridge,51290,170,1512625,0.000112387
Monkhams,E05000509,307.676,0,E09000026,Redbridge,51310,227,3076734,0.000073779
Carshalton South and Clockhouse,E05000559,705.342,0,E09000029,Sutton,116887,195,7053358,0.000027646
Cheam,E05000560,393.038,0,E09000029,Sutton,116888,191,3930394,0.000048595
Beddington South,E05000556,306.104,0,E09000029,Sutton,116898,172,3061068,0.000056189
St. Helier,E05000562,149.667,0,E09000029,Sutton,116894,134,1496691,0.00008953
Wandle Valley,E05000571,205.369,0,E09000029,Sutton,116897,153,2053690,0.0000745
Belmont,E05000557,233.332,0,E09000029,Sutton,116890,162,2333283,0.00006943
Nonsuch,E05000561,190.702,0,E09000029,Sutton,116889,229,1907036,0.000120081
Worcester Park,E05000572,195.703,0,E09000029,Sutton,50827,168,1957024,0.000085844
Sutton South,E05000566,127.159,0,E09000029,Sutton,116900,133,1271603,0.000104592
Sutton West,E05000567,178.215,0,E09000029,Sutton,116892,158,1782158,0.000088656
Sutton Central,E05000564,131.048,0,E09000029,Sutton,116901,194,1310450,0.00014804
Carshalton Central,E05000558,202.382,0,E09000029,Sutton,116895,168,2023844,0.00008301
Sutton North,E05000565,187.372,0,E09000029,Sutton,116893,160,1873677,0.000085393
Stonecot,E05000563,198.358,0,E09000029,Sutton,116899,286,1983603,0.000144182
The Wrythe,E05000568,148.361,0,E09000029,Sutton,119327,212,1483599,0.000142895
Wallington South,E05000570,171.798,0,E09000029,Sutton,116891,138,1717999,0.000080326
Wallington North,E05000569,161.927,0,E09000029,Sutton,51325,159,1619272,0.000098192
Beddington North,E05000555,498.821,0,E09000029,Sutton,51326,268,4988225,0.000053726
Hampton,E05000520,687.724,0,E09000027,Richmond upon Thames,117445,191,6877230,0.000027772
Teddington,E05000530,429.55,2.823,E09000027,Richmond upon Thames,117446,193,4295467,0.000044931
Hampton Wick,E05000522,274.552,0.444,E09000027,Richmond upon Thames,50529,168,2745600,0.000061188
Heathfield,E05000523,191.058,0,E09000027,Richmond upon Thames,51143,150,1910557,0.000078511
Twickenham Riverside,E05000531,196.431,21.262,E09000027,Richmond upon Thames,117431,171,1964302,0.000087053
"Ham, Petersham and Richmond Riverside",E05000519,943.267,18.15,E09000027,Richmond upon Thames,51116,239,9432719,0.000025337
North Richmond,E05000526,280.147,8.585,E09000027,Richmond upon Thames,117432,157,2801472,0.000056042
Kew,E05000524,357.625,27.583,E09000027,Richmond upon Thames,51115,254,3576261,0.000071023
East Sheen,E05000517,583.319,0,E09000027,Richmond upon Thames,117429,167,5833174,0.000028629
Mortlake and Barnes Common,E05000525,193.608,9.313,E09000027,Richmond upon Thames,50461,163,1936084,0.00008419
Hampton North,E05000521,194.98,0,E09000027,Richmond upon Thames,117449,156,1949817,0.000080007
Fulwell and Hampton Hill,E05000518,191.772,0,E09000027,Richmond upon Thames,51128,160,1917722,0.000083432
West Twickenham,E05000532,245.856,0,E09000027,Richmond upon Thames,117447,208,2458569,0.000084602
Whitton,E05000533,162.597,0,E09000027,Richmond upon Thames,51142,141,1625983,0.000086716
South Twickenham,E05000529,172.727,3.688,E09000027,Richmond upon Thames,117448,140,1727279,0.000081052
St. Margarets and North Twickenham,E05000527,200.763,4.026,E09000027,Richmond upon Thames,117430,156,2007612,0.000077704
South Richmond,E05000528,269.139,3.142,E09000027,Richmond upon Thames,50527,195,2691386,0.000072453
Barnes,E05000516,300.994,36.426,E09000027,Richmond upon Thames,50474,137,3009952,0.000045515
Cannon Hill,E05000456,222.344,0,E09000024,Merton,50826,219,2223419,0.000098497
Cricket Green,E05000458,299.553,0,E09000024,Merton,50783,195,2995506,0.000065097
Village,E05000472,621.285,0,E09000024,Merton,50778,247,6212887,0.000039756
Wimbledon Park,E05000474,231.007,0,E09000024,Merton,51250,135,2310071,0.000058439
Lower Morden,E05000465,180.378,0,E09000024,Merton,50534,236,1803767,0.000130837
West Barnes,E05000473,195.164,0,E09000024,Merton,50825,132,1951635,0.000067635
Raynes Park,E05000469,185.651,0,E09000024,Merton,50822,147,1856502,0.000079181
Dundonald,E05000459,115.197,0,E09000024,Merton,50823,108,1151989,0.00009375
St. Helier,E05000470,184.527,0,E09000024,Merton,50842,169,1845287,0.000091584
Ravensbury,E05000468,183.954,0,E09000024,Merton,50780,146,1839550,0.000079367
Merton Park,E05000466,181.418,0,E09000024,Merton,51252,188,1814168,0.000103628
Abbey,E05000455,139.326,0,E09000024,Merton,50779,151,1393255,0.000108379
Figge's Marsh,E05000460,114.19,0,E09000024,Merton,117356,172,1141933,0.000150621
Pollards Hill,E05000467,216.326,0,E09000024,Merton,51193,254,2163301,0.000117413
Graveney,E05000461,88.249,0,E09000024,Merton,122408,141,882522,0.000159769
Longthornton,E05000464,148.343,0,E09000024,Merton,50785,156,1483419,0.000105162
Hillside,E05000462,118.898,0,E09000024,Merton,50824,148,1188978,0.000124476
Trinity,E05000471,107.601,0,E09000024,Merton,51251,113,1076004,0.000105018
Lavender Fields,E05000463,117.965,0,E09000024,Merton,50781,111,1179632,0.000094097
Colliers Wood,E05000457,111.09,0,E09000024,Merton,122406,118,1110919,0.000106218
Roehampton and Putney Heath,E05000621,442.415,0,E09000032,Wandsworth,117302,313,4424176,0.000070747
Thamesfield,E05000625,192.172,26.211,E09000032,Wandsworth,51249,178,1921735,0.000092624
Wandsworth Common,E05000627,276.497,0,E09000032,Wandsworth,117305,217,2764960,0.000078482
West Hill,E05000628,168.568,0,E09000032,Wandsworth,117310,198,1685684,0.000117459
West Putney,E05000629,184.761,0,E09000032,Wandsworth,50644,258,1847553,0.000139644
East Putney,E05000613,161.034,0,E09000032,Wandsworth,117303,238,1610314,0.000147797
Graveney,E05000616,101.117,0,E09000032,Wandsworth,122407,128,1011147,0.000126588
Tooting,E05000626,160.02,0,E09000032,Wandsworth,50715,162,1600208,0.000101236
Southfields,E05000624,152.469,0,E09000032,Wandsworth,50645,131,1524688,0.000085919
Earlsfield,E05000612,140.341,0,E09000032,Wandsworth,117304,149,1403402,0.00010617
Nightingale,E05000618,123.197,0,E09000032,Wandsworth,117311,133,1231976,0.000107956
Furzedown,E05000615,141.528,0,E09000032,Wandsworth,122411,137,1415272,0.000096801
Bedford,E05000611,180.48,0,E09000032,Wandsworth,50713,102,1804807,0.000056515
Balham,E05000610,121.176,0,E09000032,Wandsworth,50717,149,1211741,0.000122963
Fairfield,E05000614,145.428,6.745,E09000032,Wandsworth,117306,178,1454292,0.000122396
Northcote,E05000619,167.535,0,E09000032,Wandsworth,117307,167,1675347,0.00009968
Latchmere,E05000617,108.326,0,E09000032,Wandsworth,117312,140,1083275,0.000129237
St. Mary's Park,E05000622,139.685,31.399,E09000032,Wandsworth,117308,132,1396871,0.000094496
Queenstown,E05000620,320.486,31.244,E09000032,Wandsworth,117309,169,3204843,0.000052732
Shaftesbury,E05000623,94.789,0,E09000032,Wandsworth,50798,116,947871,0.000122379
Palace Riverside,E05000259,148.083,34.321,E09000013,Hammersmith and Fulham,117145,70,1480802,0.000047271
Munster,E05000257,62.427,0,E09000013,Hammersmith and Fulham,117153,85,624271,0.000136158
Sands End,E05000262,137.806,23.596,E09000013,Hammersmith and Fulham,117151,109,1378090,0.000079095
Parsons Green and Walham,E05000260,89.587,0,E09000013,Hammersmith and Fulham,117150,140,895839,0.000156278
Fulham Broadway,E05000254,66.797,0,E09000013,Hammersmith and Fulham,117155,108,667963,0.000161685
Ravenscourt Park,E05000261,121.533,6.317,E09000013,Hammersmith and Fulham,117147,130,1215313,0.000106968
Hammersmith Broadway,E05000256,110.305,5.486,E09000013,Hammersmith and Fulham,117148,180,1103045,0.000163184
Avonmore and Brook Green,E05000252,89.659,0,E09000013,Hammersmith and Fulham,117149,129,896601,0.000143876
Askew,E05000251,76.25,0,E09000013,Hammersmith and Fulham,117146,105,762495,0.000137705
Wormholt and White City,E05000265,90.164,0,E09000013,Hammersmith and Fulham,117157,119,901621,0.000131984
Shepherd's Bush Green,E05000263,106.82,0,E09000013,Hammersmith and Fulham,117158,120,1068171,0.000112341
College Park and Old Oak,E05000253,343.654,0,E09000013,Hammersmith and Fulham,50480,150,3436568,0.000043648
Town,E05000264,65.129,0,E09000013,Hammersmith and Fulham,117152,118,651314,0.000181172
Fulham Reach,E05000255,88.198,5.928,E09000013,Hammersmith and Fulham,117154,102,881990,0.000115647
North End,E05000258,63.517,0,E09000013,Hammersmith and Fulham,117156,77,635163,0.000121228
Addison,E05000250,55.481,0,E09000013,Hammersmith and Fulham,50641,80,554823,0.00014419
Cremorne,E05000387,61.028,13.241,E09000020,Kensington and Chelsea,51243,83,610277,0.000136003
Holland,E05000391,103.896,0,E09000020,Kensington and Chelsea,50661,118,1038942,0.000113577
Norland,E05000392,72.393,0,E09000020,Kensington and Chelsea,117492,103,723927,0.000142279
Golborne,E05000389,94.413,0,E09000020,Kensington and Chelsea,50559,93,944136,0.000098502
Redcliffe,E05000396,69.64,0,E09000020,Kensington and Chelsea,51247,78,696389,0.000112006
Stanley,E05000399,66.235,0,E09000020,Kensington and Chelsea,117490,113,662356,0.000170603
Royal Hospital,E05000397,90.143,12.753,E09000020,Kensington and Chelsea,117491,106,901408,0.000117593
Brompton,E05000383,95.504,0,E09000020,Kensington and Chelsea,117493,186,955061,0.000194752
Abingdon,E05000382,63.06,0,E09000020,Kensington and Chelsea,50660,109,630606,0.000172849
Pembridge,E05000394,48.904,0,E09000020,Kensington and Chelsea,50562,76,489054,0.000155402
Notting Barns,E05000393,62.332,0,E09000020,Kensington and Chelsea,50484,72,623337,0.000115507
Colville,E05000385,39.212,0,E09000020,Kensington and Chelsea,50563,64,392116,0.000163217
St. Charles,E05000398,70.783,0,E09000020,Kensington and Chelsea,50483,75,707812,0.00010596
Earl's Court,E05000388,45.828,0,E09000020,Kensington and Chelsea,50662,59,458286,0.00012874
Courtfield,E05000386,47.76,0,E09000020,Kensington and Chelsea,50654,75,477598,0.000157035
Queen's Gate,E05000395,60.645,0,E09000020,Kensington and Chelsea,50657,103,606445,0.000169842
Hans Town,E05000390,55.234,0,E09000020,Kensington and Chelsea,117494,121,552343,0.000219066
Campden,E05000384,91.37,0,E09000020,Kensington and Chelsea,50561,108,913695,0.000118201
St. James's,E05000644,346.379,27.146,E09000033,Westminster,117483,442,3463810,0.000127605
Lancaster Gate,E05000638,63.082,0,E09000033,Westminster,50773,130,630821,0.00020608
Knightsbridge and Belgravia,E05000637,359.43,0,E09000033,Westminster,117482,276,3594278,0.000076788
Hyde Park,E05000636,95.514,0,E09000033,Westminster,50772,206,955101,0.000215684
Churchill,E05000633,60.923,9.333,E09000033,Westminster,50796,84,609237,0.000137877
Vincent Square,E05000646,68.355,8.89,E09000033,Westminster,117485,105,683550,0.000153609
West End,E05000649,199.973,0,E09000033,Westminster,50723,446,1999714,0.000223031
Harrow Road,E05000635,49.519,0,E09000033,Westminster,50565,73,495224,0.000147408
Bryanston and Dorset Square,E05000632,72.318,0,E09000033,Westminster,50771,170,723213,0.000235062
Regent's Park,E05000643,225.576,0,E09000033,Westminster,50571,169,2255777,0.000074918
Abbey Road,E05000630,109.492,0,E09000033,Westminster,117484,119,1094910,0.000108684
Marylebone High Street,E05000641,100.107,0,E09000033,Westminster,117487,213,1001076,0.000212771
Queen's Park,E05000642,58.441,0,E09000033,Westminster,50555,104,584410,0.000177957
Bayswater,E05000631,51.949,0,E09000033,Westminster,50564,69,519513,0.000132816
Warwick,E05000647,57.354,0,E09000033,Westminster,50794,129,573553,0.000224913
Tachbrook,E05000645,44.328,8.94,E09000033,Westminster,117486,52,443277,0.000117308
Westbourne,E05000648,67.646,0,E09000033,Westminster,50566,73,676438,0.000107918
Little Venice,E05000639,63.733,0,E09000033,Westminster,50568,87,637326,0.000136507
Maida Vale,E05000640,64.615,0,E09000033,Westminster,50639,61,646154,0.000094404
Church Street,E05000634,44.269,0,E09000033,Westminster,50567,86,442676,0.000194273
Swiss Cottage,E05000144,125.671,0,E09000007,Camden,117288,126,1256730,0.00010026
Highgate,E05000137,323.926,0,E09000007,Camden,50573,148,3239258,0.000045689
Kilburn,E05000140,68.518,0,E09000007,Camden,117286,79,685155,0.000115302
Bloomsbury,E05000129,102.091,0,E09000007,Camden,117296,175,1020927,0.000171412
Holborn and Covent Garden,E05000138,119.493,0,E09000007,Camden,117300,232,1194916,0.000194155
St. Pancras and Somers Town,E05000143,139.889,0,E09000007,Camden,117290,135,1398918,0.000096503
Camden Town with Primrose Hill,E05000130,116.615,0,E09000007,Camden,117297,143,1166152,0.000122625
Cantelowes,E05000131,75.933,0,E09000007,Camden,117299,94,759314,0.000123796
King's Cross,E05000141,61.138,0,E09000007,Camden,117301,100,611352,0.000163571
Fortune Green,E05000132,100.652,0,E09000007,Camden,117295,94,1006511,0.000093391
Frognal and Fitzjohns,E05000133,153.023,0,E09000007,Camden,117293,140,1530218,0.00009149
Gospel Oak,E05000134,69.232,0,E09000007,Camden,117291,80,692301,0.000115556
Hampstead Town,E05000135,244.939,0,E09000007,Camden,117294,176,2449389,0.000071854
Kentish Town,E05000139,102.895,0,E09000007,Camden,117292,128,1028976,0.000124395
West Hampstead,E05000145,88.729,0,E09000007,Camden,117287,89,887292,0.000100305
Belsize,E05000128,78.057,0,E09000007,Camden,50576,127,780567,0.000162702
Haverstock,E05000136,73.177,0,E09000007,Camden,117298,96,731764,0.000131189
Regent's Park,E05000142,134.956,0,E09000007,Camden,117289,181,1349553,0.000134118
Millwall,E05000583,245.818,49.743,E09000030,Tower Hamlets,117257,176,2458209,0.000071596
Blackwall and Cubitt Town,E05000575,296.713,72.369,E09000030,Tower Hamlets,117258,241,2967083,0.000081224
Shadwell,E05000586,96.225,9.72,E09000030,Tower Hamlets,51234,118,962243,0.00012263
St. Katharine's and Wapping,E05000585,150.909,36.301,E09000030,Tower Hamlets,51235,142,1509095,0.000094096
Limehouse,E05000580,114.284,7.034,E09000030,Tower Hamlets,117259,157,1142818,0.000137379
Bethnal Green South,E05000574,88.187,0,E09000030,Tower Hamlets,117260,138,881850,0.000156489
Mile End and Globe Town,E05000581,90.039,0,E09000030,Tower Hamlets,50748,144,900400,0.000159928
Bethnal Green North,E05000573,82.534,0,E09000030,Tower Hamlets,117261,148,825364,0.000179314
St. Dunstan's and Stepney Green,E05000584,101.848,0,E09000030,Tower Hamlets,117264,170,1018512,0.00016691
Mile End East,E05000582,107.133,0,E09000030,Tower Hamlets,50745,117,1071342,0.000109208
East India and Lansbury,E05000579,122.341,4.54,E09000030,Tower Hamlets,117265,185,1223400,0.000151217
Bromley-by-Bow,E05000578,107.073,0,E09000030,Tower Hamlets,117266,124,1070728,0.000115809
Bow West,E05000577,134.293,0,E09000030,Tower Hamlets,117262,108,1342913,0.000080422
Bow East,E05000576,186.61,0,E09000030,Tower Hamlets,117263,154,1866095,0.000082525
Whitechapel,E05000589,92.147,0,E09000030,Tower Hamlets,50753,186,921457,0.000201854
Spitalfields and Banglatown,E05000587,63.773,0,E09000030,Tower Hamlets,50754,119,637734,0.000186598
Weavers,E05000588,77.575,0,E09000030,Tower Hamlets,50811,154,775742,0.000198519
Clerkenwell,E05000370,93.263,0,E09000019,Islington,50755,163,932631,0.000174774
Caledonian,E05000368,113.611,0,E09000019,Islington,50626,124,1136135,0.000109142
St. Mary's,E05000379,86.831,0,E09000019,Islington,50761,150,868305,0.00017275
Holloway,E05000375,100.874,0,E09000019,Islington,117408,121,1008704,0.000119955
Highbury East,E05000372,100.809,0,E09000019,Islington,50667,104,1008085,0.000103165
Highbury West,E05000373,108.254,0,E09000019,Islington,117409,102,1082545,0.000094222
Tollington,E05000381,84.866,0,E09000019,Islington,117405,113,848683,0.000133147
Bunhill,E05000367,108.263,0,E09000019,Islington,50812,203,1082622,0.000187507
St. Peter's,E05000380,81.053,0,E09000019,Islington,50762,135,810524,0.000166558
Canonbury,E05000369,80.72,0,E09000019,Islington,117407,118,807227,0.000146179
Barnsbury,E05000366,83.012,0,E09000019,Islington,50763,116,830103,0.000139741
St. George's,E05000378,84.582,0,E09000019,Islington,50625,87,845832,0.000102857
Junction,E05000376,102.75,0,E09000019,Islington,50586,112,1027499,0.000109002
Finsbury Park,E05000371,91.626,0,E09000019,Islington,117410,132,916269,0.000144062
Hillrise,E05000374,82.471,0,E09000019,Islington,117406,99,824700,0.000120043
Mildmay,E05000377,82.68,0,E09000019,Islington,50699,92,826792,0.000111273
Haggerston,E05000239,124.25,0,E09000012,Hackney,117332,219,1242535,0.000176252
Brownswood,E05000231,83.855,0,E09000012,Hackney,50583,79,838529,0.000094212
De Beauvoir,E05000236,88.783,0,E09000012,Hackney,50759,113,887803,0.00012728
Queensbridge,E05000245,107.974,0,E09000012,Hackney,50810,176,1079720,0.000163005
Wick,E05000249,162.744,0,E09000012,Hackney,50741,169,1627435,0.000103844
Dalston,E05000235,92.658,0,E09000012,Hackney,117336,149,926575,0.000160807
Stoke Newington Central,E05000247,71.192,0,E09000012,Hackney,117340,95,711925,0.000133441
Hackney Downs,E05000238,101.805,0,E09000012,Hackney,117342,109,1018044,0.000107068
Leabridge,E05000242,106.363,0,E09000012,Hackney,50675,96,1063610,0.000090258
New River,E05000244,97.798,0,E09000012,Hackney,117333,100,977976,0.000102252
Cazenove,E05000232,68.462,0,E09000012,Hackney,117343,91,684627,0.000132919
King's Park,E05000241,181.956,0,E09000012,Hackney,117334,85,1819561,0.000046714
Hoxton,E05000240,83.96,0,E09000012,Hackney,117335,144,839611,0.000171508
Victoria,E05000248,80.221,0,E09000012,Hackney,50751,139,802212,0.00017327
Hackney Central,E05000237,78.031,0,E09000012,Hackney,117337,88,780320,0.000112774
Chatham,E05000233,90.75,0,E09000012,Hackney,117338,132,907496,0.000145455
Clissold,E05000234,70.044,0,E09000012,Hackney,117339,96,700442,0.000137056
Lordship,E05000243,118.804,0,E09000012,Hackney,117341,96,1188045,0.000080805
Springfield,E05000246,95.256,0,E09000012,Hackney,50676,88,952558,0.000092382
Highgate,E05000272,249.482,0,E09000014,Haringey,117131,138,2494854,0.000055313
Harringay,E05000271,156.609,0,E09000014,Haringey,117132,83,1566078,0.000052998
Fortis Green,E05000270,199.071,0,E09000014,Haringey,119323,137,1990719,0.000068819
Bounds Green,E05000267,138.624,0,E09000014,Haringey,50494,132,1386201,0.000095224
Crouch End,E05000269,144.04,0,E09000014,Haringey,117135,133,1440391,0.000092336
Stroud Green,E05000279,109.374,0,E09000014,Haringey,50702,87,1093740,0.000079543
Muswell Hill,E05000274,165.328,0,E09000014,Haringey,50708,116,1653254,0.000070164
Hornsey,E05000273,105.39,0,E09000014,Haringey,117136,103,1053925,0.000097729
Alexandra,E05000266,261.385,0,E09000014,Haringey,50594,120,2613870,0.000045908
Noel Park,E05000275,122.564,0,E09000014,Haringey,50592,122,1225628,0.00009954
Woodside,E05000284,149.715,0,E09000014,Haringey,50537,128,1497163,0.000085495
St. Ann's,E05000277,109.381,0,E09000014,Haringey,117137,120,1093803,0.000109709
Seven Sisters,E05000278,129.463,0,E09000014,Haringey,50701,127,1294642,0.000098096
Tottenham Green,E05000280,135.966,0,E09000014,Haringey,117133,164,1359649,0.000120619
West Green,E05000282,139.911,0,E09000014,Haringey,50591,102,1399139,0.000072902
Tottenham Hale,E05000281,191.189,0,E09000014,Haringey,50694,150,1911888,0.000078456
White Hart Lane,E05000283,169.885,0,E09000014,Haringey,50597,186,1698836,0.000109486
Bruce Grove,E05000268,93.658,0,E09000014,Haringey,50589,100,936575,0.000106772
Northumberland Park,E05000276,188.802,0,E09000014,Haringey,117134,149,1888030,0.000078918
Royal Docks,E05000491,473.052,142.283,E09000025,Newham,116821,147,4730544,0.000031074
Canning Town North,E05000477,252.085,6.136,E09000025,Newham,116825,207,2520856,0.000082115
Beckton,E05000475,625.188,70.665,E09000025,Newham,51352,331,6251861,0.000052944
East Ham South,E05000482,180.899,1.742,E09000025,Newham,50805,147,1808999,0.00008126
Stratford and New Town,E05000492,423.497,4.518,E09000025,Newham,116822,287,4235007,0.000067768
Canning Town South,E05000478,180.875,12.292,E09000025,Newham,116823,194,1808743,0.000107256
Custom House,E05000479,206.344,0,E09000025,Newham,116824,153,2063426,0.000074148
Plaistow South,E05000490,138.452,0,E09000025,Newham,116829,170,1384506,0.000122787
West Ham,E05000494,133.7,0,E09000025,Newham,116828,130,1336976,0.000097234
Plaistow North,E05000489,98.418,0,E09000025,Newham,50738,123,984195,0.000124975
Forest Gate South,E05000484,119.201,0,E09000025,Newham,51318,108,1192017,0.000090602
Boleyn,E05000476,91.718,0,E09000025,Newham,51362,109,917197,0.00011884
East Ham Central,E05000480,103.197,0,E09000025,Newham,51357,110,1031991,0.00010659
Green Street West,E05000486,80.195,0,E09000025,Newham,116826,89,801934,0.000110981
Green Street East,E05000485,74.631,0,E09000025,Newham,116827,82,746308,0.000109874
East Ham North,E05000481,90.464,0,E09000025,Newham,51355,64,904626,0.000070747
Wall End,E05000493,137.675,0,E09000025,Newham,51277,89,1376729,0.000064646
Forest Gate North,E05000483,124.768,0,E09000025,Newham,51316,144,1247683,0.000115413
Manor Park,E05000488,133.487,0,E09000025,Newham,51359,98,1334859,0.000073416
Little Ilford,E05000487,189.961,0,E09000025,Newham,51356,181,1899624,0.000095282
Gascoigne,E05000032,113.874,4.906,E09000002,Barking and Dagenham,51280,81,1138715,0.000071132
Thames,E05000039,788.848,120.125,E09000002,Barking and Dagenham,117012,234,7888493,0.000029663
River,E05000038,354.369,41.464,E09000002,Barking and Dagenham,117013,104,3543674,0.000029348
Village,E05000041,214.748,0,E09000002,Barking and Dagenham,50858,118,2147502,0.000054947
Abbey,E05000026,128.292,2.655,E09000002,Barking and Dagenham,51353,113,1282926,0.000088079
Longbridge,E05000035,164.53,0,E09000002,Barking and Dagenham,51279,112,1645285,0.000068073
Eastbury,E05000031,143.921,0,E09000002,Barking and Dagenham,51278,104,1439218,0.000072261
Goresbrook,E05000033,127.782,0,E09000002,Barking and Dagenham,117016,89,1277823,0.000069649
Mayesbrook,E05000036,185.642,0,E09000002,Barking and Dagenham,117015,99,1856440,0.000053327
Becontree,E05000028,128.809,0,E09000002,Barking and Dagenham,117018,130,1288085,0.000100925
Alibon,E05000027,136.442,0,E09000002,Barking and Dagenham,117020,80,1364442,0.000058632
Valence,E05000040,129.284,0,E09000002,Barking and Dagenham,117019,110,1292830,0.000085084
Heath,E05000034,200.128,0,E09000002,Barking and Dagenham,117021,141,2001300,0.000070454
Whalebone,E05000042,155.399,0,E09000002,Barking and Dagenham,117022,151,1553976,0.00009717
Eastbrook,E05000030,345.06,0,E09000002,Barking and Dagenham,50856,147,3450576,0.000042601
Chadwell Heath,E05000029,338.422,0,E09000002,Barking and Dagenham,117014,164,3384193,0.00004846
Parsloes,E05000037,124.384,0,E09000002,Barking and Dagenham,117017,84,1243845,0.000067532
Castle Baynard,E05000010,36.065,6.7,E09000001,City of London,122502,62,360651,0.000171911
Farringdon Without,E05000018,34.348,2.271,E09000001,City of London,122517,42,343453,0.000122287
Farringdon Within,E05000017,23.152,0,E09000001,City of London,122518,45,231547,0.000194345
Cripplegate,E05000015,14.545,0,E09000001,City of London,122522,21,145432,0.000144397
Langbourn,E05000019,5.633,0,E09000001,City of London,122513,13,56337,0.000230754
Tower,E05000023,19.734,0.679,E09000001,City of London,122515,34,197354,0.000172279
Bishopsgate,E05000005,25.271,0,E09000001,City of London,50670,32,252703,0.00012663
Queenhithe,E05000022,7.954,3.57,E09000001,City of London,51176,13,79534,0.000163452
Vintry,E05000024,9.211,2.396,E09000001,City of London,122510,20,92095,0.000217167
Cordwainer,E05000013,6.072,0,E09000001,City of London,122507,14,60712,0.000230596
Bread Street,E05000006,9.712,0,E09000001,City of London,122504,15,97125,0.00015444
Cheap,E05000011,8.908,0,E09000001,City of London,122503,24,89081,0.000269417
Bassishaw,E05000003,10.031,0,E09000001,City of London,122519,8,100305,0.000079756
Aldersgate,E05000001,8.636,0,E09000001,City of London,122521,8,86358,0.000092637
Dowgate,E05000016,9.573,2.545,E09000001,City of London,122509,11,95747,0.000114886
Bridge,E05000007,9.419,2.414,E09000001,City of London,122506,12,94197,0.000127392
Billingsgate,E05000004,12.163,3.973,E09000001,City of London,122512,12,121622,0.000098666
Walbrook,E05000025,7.152,0,E09000001,City of London,122511,17,71510,0.000237729
Cornhill,E05000014,6.478,0,E09000001,City of London,122508,11,64788,0.000169784
Lime Street,E05000020,5.512,0,E09000001,City of London,122514,8,55109,0.000145166
Aldgate,E05000002,11.227,0,E09000001,City of London,51182,27,112269,0.000240493
Broad Street,E05000008,8.188,0,E09000001,City of London,50669,12,81887,0.000146543
Coleman Street,E05000012,15.404,0,E09000001,City of London,122520,21,154037,0.00013633
Portsoken,E05000021,6.209,0,E09000001,City of London,122516,9,62079,0.000144976
Candlewick,E05000009,4.346,0,E09000001,City of London,122505,21,43450,0.000483314