NAME,GSS_CODE,HECTARES,NONLD_AREA,LB_GSS_CD,BOROUGH,POLY_ID,NUMPOINTS
Chessington South,E05000405,755.17300,0.00000,E09000021,Kingston upon Thames,50840,21
Tolworth and Hook Rise,E05000414,259.46400,0.00000,E09000021,Kingston upon Thames,117160,18
Berrylands,E05000401,145.39000,0.00000,E09000021,Kingston upon Thames,50449,8
Alexandra,E05000400,268.50600,0.00000,E09000021,Kingston upon Thames,50456,8
Beverley,E05000402,187.82100,0.00000,E09000021,Kingston upon Thames,117161,14
Coombe Hill,E05000406,442.17000,0.00000,E09000021,Kingston upon Thames,117159,22
Chessington North and Hook,E05000404,192.98000,0.00000,E09000021,Kingston upon Thames,50530,6
Surbiton Hill,E05000413,166.48200,0.00000,E09000021,Kingston upon Thames,50457,20
Old Malden,E05000410,180.01600,0.00000,E09000021,Kingston upon Thames,50455,23
St. Mark's,E05000412,137.57800,0.00000,E09000021,Kingston upon Thames,50450,8
Grove,E05000408,192.03400,0.00000,E09000021,Kingston upon Thames,50458,38
Canbury,E05000403,124.24100,0.00000,E09000021,Kingston upon Thames,51118,18
Norbiton,E05000409,134.71100,0.00000,E09000021,Kingston upon Thames,50451,21
Coombe Vale,E05000407,164.71000,0.00000,E09000021,Kingston upon Thames,50452,10
St. James,E05000411,216.58400,0.00000,E09000021,Kingston upon Thames,50454,17
Tudor,E05000415,158.25500,0.00000,E09000021,Kingston upon Thames,51117,7
Coulsdon East,E05000150,774.35800,0.00000,E09000008,Croydon,50897,7
Selsdon and Ballards,E05000162,639.83400,0.00000,E09000008,Croydon,50900,10
Coulsdon West,E05000151,499.14700,0.00000,E09000008,Croydon,51328,29
Waddon,E05000167,364.75900,0.00000,E09000008,Croydon,51256,59
Kenley,E05000156,645.59300,0.00000,E09000008,Croydon,50898,19
Purley,E05000159,417.51800,0.00000,E09000008,Croydon,51329,35
Sanderstead,E05000160,634.60000,0.00000,E09000008,Croydon,50899,14
Heathfield,E05000155,871.34200,0.00000,E09000008,Croydon,51332,30
Fairfield,E05000153,377.22100,0.00000,E09000008,Croydon,51198,61
Broad Green,E05000149,266.19500,0.00000,E09000008,Croydon,51196,67
West Thornton,E05000168,197.11700,0.00000,E09000008,Croydon,51197,51
Bensham Manor,E05000148,144.14700,0.00000,E09000008,Croydon,51145,18
Norbury,E05000158,251.81800,0.00000,E09000008,Croydon,51192,52
New Addington,E05000157,241.71000,0.00000,E09000008,Croydon,50901,10
Croham,E05000152,352.70500,0.00000,E09000008,Croydon,51331,21
Fieldway,E05000154,148.64900,0.00000,E09000008,Croydon,51261,5
Shirley,E05000163,280.54100,0.00000,E09000008,Croydon,116954,3
Selhurst,E05000161,227.30300,0.00000,E09000008,Croydon,51199,38
Ashburton,E05000147,271.17300,0.00000,E09000008,Croydon,51259,18
Woodside,E05000169,216.65100,0.00000,E09000008,Croydon,116956,12
Thornton Heath,E05000165,168.10700,0.00000,E09000008,Croydon,51232,35
Upper Norwood,E05000166,262.32800,0.00000,E09000008,Croydon,119328,32
South Norwood,E05000164,237.81700,0.00000,E09000008,Croydon,51146,30
Addiscombe,E05000146,158.80800,0.00000,E09000008,Croydon,51257,16
Darwin,E05000117,2903.96000,0.00000,E09000006,Bromley,117267,20
Hayes and Coney Hall,E05000119,1082.30600,0.00000,E09000006,Bromley,117271,24
Bromley Common and Keston,E05000108,830.82000,0.00000,E09000006,Bromley,50903,36
Chelsfield and Pratts Bottom,E05000110,1256.32000,0.00000,E09000006,Bromley,117270,36
Biggin Hill,E05000107,828.03900,0.00000,E09000006,Bromley,50896,14
West Wickham,E05000127,441.04700,0.00000,E09000006,Bromley,117268,28
Clock House,E05000112,226.64700,0.00000,E09000006,Bromley,117277,34
Kelsey and Eden Park,E05000120,519.89500,0.00000,E09000006,Bromley,117269,36
Farnborough and Crofton,E05000118,700.58400,0.00000,E09000006,Bromley,117272,26
Shortlands,E05000126,245.66500,0.00000,E09000006,Bromley,117276,20
Bromley Town,E05000109,371.65600,0.00000,E09000006,Bromley,117281,50
Bickley,E05000106,486.91300,0.00000,E09000006,Bromley,51335,24
Petts Wood and Knoll,E05000124,430.12700,0.00000,E09000006,Bromley,50912,23
Crystal Palace,E05000116,229.11400,0.00000,E09000006,Bromley,117275,33
Penge and Cator,E05000123,295.97200,0.00000,E09000006,Bromley,117278,43
Copers Cope,E05000113,328.69200,0.00000,E09000006,Bromley,117279,32
Plaistow and Sundridge,E05000125,400.09400,0.00000,E09000006,Bromley,51336,19
Chislehurst,E05000111,1044.12000,0.00000,E09000006,Bromley,50911,39
Mottingham and Chislehurst North,E05000121,244.18400,0.00000,E09000006,Bromley,51338,14
Orpington,E05000122,425.61600,0.00000,E09000006,Bromley,117280,42
Cray Valley West,E05000115,393.85000,0.00000,E09000006,Bromley,117273,43
Cray Valley East,E05000114,1327.86600,0.00000,E09000006,Bromley,117274,30
Bedfont,E05000346,444.84100,0.00000,E09000018,Hounslow,51131,25
Hanworth,E05000353,323.25800,0.00000,E09000018,Hounslow,51122,31
Cranford,E05000350,272.63000,0.00000,E09000018,Hounslow,51125,73
Syon,E05000364,285.37800,13.18700,E09000018,Hounslow,117104,37
Heston West,E05000357,382.65700,0.00000,E09000018,Hounslow,51133,40
Heston East,E05000356,205.91300,0.00000,E09000018,Hounslow,117113,30
Osterley and Spring Grove,E05000363,627.78400,0.00000,E09000018,Hounslow,117103,42
Brentford,E05000347,318.35100,3.26300,E09000018,Hounslow,117105,56
Chiswick Homefields,E05000348,225.92300,22.28600,E09000018,Hounslow,117106,40
Feltham West,E05000352,318.10500,0.00000,E09000018,Hounslow,117107,20
Hanworth Park,E05000354,366.12600,0.00000,E09000018,Hounslow,51123,36
Feltham North,E05000351,338.44800,0.00000,E09000018,Hounslow,117102,45
Hounslow Heath,E05000359,278.17800,0.00000,E09000018,Hounslow,117108,36
Hounslow West,E05000361,162.01800,0.00000,E09000018,Hounslow,117109,26
Heston Central,E05000355,168.47800,0.00000,E09000018,Hounslow,117112,27
Hounslow South,E05000360,179.01100,0.00000,E09000018,Hounslow,117110,7
Isleworth,E05000362,203.08900,6.43600,E09000018,Hounslow,117111,15
Hounslow Central,E05000358,173.39300,0.00000,E09000018,Hounslow,117116,25
Chiswick Riverside,E05000349,208.00700,15.58400,E09000018,Hounslow,117114,23
Turnham Green,E05000365,176.95300,0.00000,E09000018,Hounslow,117115,52
Norwood Green,E05000186,379.60900,0.00000,E09000009,Ealing,116744,34
Southall Green,E05000190,158.61600,0.00000,E09000009,Ealing,51134,24
Northolt West End,E05000185,354.53600,0.00000,E09000009,Ealing,51089,51
Dormers Wells,E05000172,225.73000,0.00000,E09000009,Ealing,116745,21
Greenford Broadway,E05000177,251.66900,0.00000,E09000009,Ealing,116746,48
North Greenford,E05000183,325.73700,0.00000,E09000009,Ealing,71036,21
Northfield,E05000182,154.01100,0.00000,E09000009,Ealing,50524,12
East Acton,E05000175,427.58800,0.00000,E09000009,Ealing,116749,93
Southall Broadway,E05000189,161.72500,0.00000,E09000009,Ealing,51091,36
Elthorne,E05000176,199.96300,0.00000,E09000009,Ealing,51087,32
Walpole,E05000192,146.59600,0.00000,E09000009,Ealing,51112,30
Lady Margaret,E05000181,154.18200,0.00000,E09000009,Ealing,50955,19
Northolt Mandeville,E05000184,275.66400,0.00000,E09000009,Ealing,51013,60
Hobbayne,E05000180,220.93700,0.00000,E09000009,Ealing,51086,8
Cleveland,E05000171,222.85600,0.00000,E09000009,Ealing,50521,20
Greenford Green,E05000178,338.47700,0.00000,E09000009,Ealing,116747,58
Perivale,E05000187,336.77500,0.00000,E09000009,Ealing,51106,50
Ealing Common,E05000174,214.10600,0.00000,E09000009,Ealing,51111,58
Ealing Broadway,E05000173,185.67600,0.00000,E09000009,Ealing,51110,18
South Acton,E05000188,171.92000,0.00000,E09000009,Ealing,51062,35
Southfield,E05000191,142.86900,0.00000,E09000009,Ealing,116748,14
Acton Central,E05000170,177.46300,0.00000,E09000009,Ealing,51060,14
Hanger Hill,E05000179,327.72400,0.00000,E09000009,Ealing,50522,67
Upminster,E05000323,2253.73600,0.00000,E09000016,Havering,116694,19
Rainham and Wennington,E05000318,1688.01000,154.28400,E09000016,Havering,50925,32
South Hornchurch,E05000321,687.31800,56.47900,E09000016,Havering,116695,67
Elm Park,E05000308,366.53500,0.00000,E09000016,Havering,116696,24
Brooklands,E05000306,420.26400,0.00000,E09000016,Havering,116702,48
Romford Town,E05000319,286.47300,0.00000,E09000016,Havering,116703,53
Mawneys,E05000316,304.26100,0.00000,E09000016,Havering,51287,32
Pettits,E05000317,395.45700,0.00000,E09000016,Havering,116708,34
Hacton,E05000311,246.54200,0.00000,E09000016,Havering,116704,15
St. Andrew's,E05000320,267.71200,0.00000,E09000016,Havering,116705,25
Emerson Park,E05000309,464.24300,0.00000,E09000016,Havering,116706,25
Squirrel's Heath,E05000322,265.14700,0.00000,E09000016,Havering,116697,27
Harold Wood,E05000312,758.97300,0.00000,E09000016,Havering,116699,38
Cranham,E05000307,655.50100,0.00000,E09000016,Havering,116707,38
Havering Park,E05000313,978.33000,0.00000,E09000016,Havering,116698,16
Heaton,E05000314,341.56400,0.00000,E09000016,Havering,116700,23
Gooshays,E05000310,775.89600,0.00000,E09000016,Havering,116701,40
Hylands,E05000315,289.77400,0.00000,E09000016,Havering,50930,20
Heathrow Villages,E05000331,2352.11700,0.00000,E09000017,Hillingdon,116716,109
Harefield,E05000330,1522.70400,0.00000,E09000017,Hillingdon,51039,14
West Drayton,E05000342,349.07000,0.00000,E09000017,Hillingdon,116720,25
Yiewsley,E05000345,402.25100,0.00000,E09000017,Hillingdon,116722,24
Uxbridge South,E05000341,311.44700,0.00000,E09000017,Hillingdon,116718,40
Brunel,E05000326,327.69100,0.00000,E09000017,Hillingdon,51033,24
Uxbridge North,E05000340,464.11800,0.00000,E09000017,Hillingdon,51032,31
Hillingdon East,E05000332,359.81200,0.00000,E09000017,Hillingdon,116723,18
Ickenham,E05000333,620.44200,0.00000,E09000017,Hillingdon,51031,23
West Ruislip,E05000343,438.74000,0.00000,E09000017,Hillingdon,51023,13
Northwood,E05000335,739.79400,0.00000,E09000017,Hillingdon,51029,11
South Ruislip,E05000338,741.79500,0.00000,E09000017,Hillingdon,116719,30
Manor,E05000334,197.41800,0.00000,E09000017,Hillingdon,51022,14
Eastcote and East Ruislip,E05000329,406.34100,0.00000,E09000017,Hillingdon,116724,14
Northwood Hills,E05000336,332.85400,0.00000,E09000017,Hillingdon,51028,11
Pinkwell,E05000337,274.83300,0.00000,E09000017,Hillingdon,116721,45
Botwell,E05000325,436.27700,0.00000,E09000017,Hillingdon,116717,30
Charville,E05000328,297.43300,0.00000,E09000017,Hillingdon,51098,12
Townfield,E05000339,349.83300,0.00000,E09000017,Hillingdon,51092,49
Barnhill,E05000324,211.82100,0.00000,E09000017,Hillingdon,51097,26
Yeading,E05000344,232.12600,0.00000,E09000017,Hillingdon,51090,34
Cavendish,E05000327,201.14500,0.00000,E09000017,Hillingdon,51021,7
Roxeth,E05000302,157.49200,0.00000,E09000015,Harrow,51083,9
Harrow on the Hill,E05000289,357.20900,0.00000,E09000015,Harrow,50518,21
Pinner,E05000297,327.74200,0.00000,E09000015,Harrow,51019,9
Pinner South,E05000298,234.56100,0.00000,E09000015,Harrow,51020,10
Greenhill,E05000288,174.49000,0.00000,E09000015,Harrow,51077,37
Headstone North,E05000292,329.63400,0.00000,E09000015,Harrow,51027,24
Marlborough,E05000296,164.66300,0.00000,E09000015,Harrow,51078,11
Harrow Weald,E05000290,458.97300,0.00000,E09000015,Harrow,51015,33
Stanmore Park,E05000303,445.92900,0.00000,E09000015,Harrow,50516,14
Canons,E05000286,562.63200,0.00000,E09000015,Harrow,116972,33
Rayners Lane,E05000300,152.97400,0.00000,E09000015,Harrow,50957,10
Roxbourne,E05000301,150.57600,0.00000,E09000015,Harrow,51082,15
West Harrow,E05000305,151.46200,0.00000,E09000015,Harrow,51026,6
Hatch End,E05000291,327.86600,0.00000,E09000015,Harrow,51014,20
Headstone South,E05000293,146.76400,0.00000,E09000015,Harrow,51080,21
Kenton West,E05000295,176.45600,0.00000,E09000015,Harrow,50514,17
Wealdstone,E05000304,119.59500,0.00000,E09000015,Harrow,51079,6
Belmont,E05000285,177.70400,0.00000,E09000015,Harrow,116973,17
Kenton East,E05000294,127.92600,0.00000,E09000015,Harrow,50511,11
Queensbury,E05000299,161.36400,0.00000,E09000015,Harrow,116974,23
Edgware,E05000287,140.31900,0.00000,E09000015,Harrow,116975,17
Northwick Park,E05000096,267.99100,0.00000,E09000005,Brent,51109,26
Wembley Central,E05000104,160.42400,0.00000,E09000005,Brent,51105,42
Preston,E05000097,238.82800,0.00000,E09000005,Brent,51071,22
Stonebridge,E05000100,405.06300,0.00000,E09000005,Brent,116943,75
Welsh Harp,E05000103,231.89700,0.00000,E09000005,Brent,116949,44
Barnhill,E05000086,297.90800,0.00000,E09000005,Brent,116945,41
Fryent,E05000090,265.93800,0.00000,E09000005,Brent,116950,45
Sudbury,E05000101,212.48000,0.00000,E09000005,Brent,116944,26
Alperton,E05000085,205.85300,0.00000,E09000005,Brent,51069,32
Kensal Green,E05000092,112.00800,0.00000,E09000005,Brent,116951,26
Harlesden,E05000091,111.37000,0.00000,E09000005,Brent,116952,37
Willesden Green,E05000105,154.80300,0.00000,E09000005,Brent,50490,40
Queens Park,E05000098,148.56200,0.00000,E09000005,Brent,116947,15
Brondesbury Park,E05000087,172.94200,0.00000,E09000005,Brent,116953,25
Kilburn,E05000094,94.40000,0.00000,E09000005,Brent,50487,35
Tokyngton,E05000102,275.91700,0.00000,E09000005,Brent,51104,26
Kenton,E05000093,224.31500,0.00000,E09000005,Brent,116946,26
Dudden Hill,E05000089,168.14400,0.00000,E09000005,Brent,116948,25
Dollis Hill,E05000088,229.95600,0.00000,E09000005,Brent,50548,28
Mapesbury,E05000095,139.34700,0.00000,E09000005,Brent,50489,49
Queensbury,E05000099,205.12400,0.00000,E09000005,Brent,50512,30
Underhill,E05000060,455.05300,0.00000,E09000003,Barnet,116789,24
High Barnet,E05000056,830.66600,0.00000,E09000003,Barnet,116787,33
West Hendon,E05000062,342.86500,0.00000,E09000003,Barnet,51065,81
Golders Green,E05000053,297.29200,0.00000,E09000003,Barnet,116790,53
Colindale,E05000046,263.62700,0.00000,E09000003,Barnet,51066,34
Childs Hill,E05000045,309.30100,0.00000,E09000003,Barnet,50578,42
Garden Suburb,E05000052,472.70500,0.00000,E09000003,Barnet,119325,50
Finchley Church End,E05000051,272.56400,0.00000,E09000003,Barnet,116791,38
East Finchley,E05000049,250.98900,0.00000,E09000003,Barnet,50492,22
Edgware,E05000050,555.65200,0.00000,E09000003,Barnet,50509,47
Mill Hill,E05000057,938.92100,0.00000,E09000003,Barnet,116788,51
Hale,E05000054,542.31500,0.00000,E09000003,Barnet,116792,43
Totteridge,E05000059,877.44600,0.00000,E09000003,Barnet,123573,27
Oakleigh,E05000058,331.86100,0.00000,E09000003,Barnet,50501,27
Woodhouse,E05000063,262.11700,0.00000,E09000003,Barnet,116794,33
Coppetts,E05000047,272.05800,0.00000,E09000003,Barnet,116795,34
Brunswick Park,E05000043,317.52600,0.00000,E09000003,Barnet,50500,25
East Barnet,E05000048,374.94300,0.00000,E09000003,Barnet,50507,18
Burnt Oak,E05000044,206.71900,0.00000,E09000003,Barnet,51073,28
Hendon,E05000055,283.87100,0.00000,E09000003,Barnet,50547,52
West Finchley,E05000061,216.34400,0.00000,E09000003,Barnet,116793,34
Streatham South,E05000431,169.80900,0.00000,E09000022,Lambeth,50786,47
St. Leonard's,E05000428,144.77300,0.00000,E09000022,Lambeth,51191,50
Streatham Wells,E05000432,144.97800,0.00000,E09000022,Lambeth,51190,30
Knight's Hill,E05000424,147.16600,0.00000,E09000022,Lambeth,117361,37
Thornton,E05000433,107.75900,0.00000,E09000022,Lambeth,117357,16
Streatham Hill,E05000430,127.06300,0.00000,E09000022,Lambeth,117358,42
Clapham Common,E05000418,133.85400,0.00000,E09000022,Lambeth,51276,52
Brixton Hill,E05000417,113.12400,0.00000,E09000022,Lambeth,117363,51
Tulse Hill,E05000435,103.19500,0.00000,E09000022,Lambeth,117359,28
Coldharbour,E05000420,120.80600,0.00000,E09000022,Lambeth,117364,47
Ferndale,E05000421,85.07300,0.00000,E09000022,Lambeth,50790,39
Larkhall,E05000425,106.12400,0.00000,E09000022,Lambeth,50793,51
Oval,E05000426,127.76400,3.58600,E09000022,Lambeth,117366,85
Vassall,E05000436,112.97300,0.00000,E09000022,Lambeth,51224,53
Gipsy Hill,E05000422,157.06700,0.00000,E09000022,Lambeth,51228,17
Thurlow Park,E05000434,151.48200,0.00000,E09000022,Lambeth,117362,29
Herne Hill,E05000423,203.03800,0.00000,E09000022,Lambeth,117360,45
Bishop's,E05000416,153.95900,30.25800,E09000022,Lambeth,51177,70
Clapham Town,E05000419,111.89300,0.00000,E09000022,Lambeth,50816,45
Stockwell,E05000429,86.67800,0.00000,E09000022,Lambeth,117365,40
Prince's,E05000427,116.36300,10.08300,E09000022,Lambeth,51181,48
College,E05000538,323.32400,0.00000,E09000028,Southwark,51229,37
Riverside,E05000548,132.82200,28.57400,E09000028,Southwark,51236,28
Village,E05000554,278.74500,0.00000,E09000028,Southwark,117345,26
South Camberwell,E05000551,133.14900,0.00000,E09000028,Southwark,117350,10
East Dulwich,E05000539,102.06900,0.00000,E09000028,Southwark,51269,15
Peckham Rye,E05000547,225.24200,0.00000,E09000028,Southwark,117346,12
Camberwell Green,E05000535,97.46100,0.00000,E09000028,Southwark,117353,55
Brunswick Park,E05000534,93.44100,0.00000,E09000028,Southwark,51222,22
The Lane,E05000553,138.88800,0.00000,E09000028,Southwark,117351,39
Nunhead,E05000545,132.84000,0.00000,E09000028,Southwark,117352,29
Peckham,E05000546,86.96600,0.00000,E09000028,Southwark,51170,19
Newington,E05000544,83.35800,0.00000,E09000028,Southwark,51180,29
Faraday,E05000541,87.81500,0.00000,E09000028,Southwark,51169,17
East Walworth,E05000540,114.66200,0.00000,E09000028,Southwark,117348,85
Livesey,E05000543,143.83200,0.00000,E09000028,Southwark,117347,53
South Bermondsey,E05000550,97.36300,0.00000,E09000028,Southwark,51172,27
Cathedrals,E05000536,176.82200,18.58400,E09000028,Southwark,117349,100
Grange,E05000542,121.45300,0.00000,E09000028,Southwark,117354,32
Rotherhithe,E05000549,149.05000,12.96800,E09000028,Southwark,117355,26
Surrey Docks,E05000552,190.06200,45.01300,E09000028,Southwark,50733,2
Chaucer,E05000537,81.97700,0.00000,E09000028,Southwark,50814,37
Bellingham,E05000437,308.47100,0.00000,E09000023,Lewisham,117089,35
Telegraph Hill,E05000453,154.63100,0.00000,E09000023,Lewisham,117094,39
Downham,E05000442,238.17800,0.00000,E09000023,Lewisham,117085,41
Whitefoot,E05000454,223.00400,0.00000,E09000023,Lewisham,117086,19
Blackheath,E05000438,231.82300,0.00000,E09000023,Lewisham,117096,27
Sydenham,E05000452,174.37200,0.00000,E09000023,Lewisham,117087,35
Forest Hill,E05000444,182.78500,0.00000,E09000023,Lewisham,51164,33
Perry Vale,E05000450,168.45000,0.00000,E09000023,Lewisham,117088,31
Rushey Green,E05000451,178.52400,0.00000,E09000023,Lewisham,117090,60
Catford South,E05000440,186.65500,0.00000,E09000023,Lewisham,117091,27
Crofton Park,E05000441,171.96200,0.00000,E09000023,Lewisham,117100,14
Ladywell,E05000446,160.59800,0.00000,E09000023,Lewisham,117092,28
Lewisham Central,E05000448,206.20300,0.00000,E09000023,Lewisham,117093,73
Brockley,E05000439,168.18300,0.00000,E09000023,Lewisham,117095,75
New Cross,E05000449,181.11400,1.40700,E09000023,Lewisham,117097,29
Grove Park,E05000445,239.29100,0.00000,E09000023,Lewisham,117098,34
Lee Green,E05000447,179.84200,0.00000,E09000023,Lewisham,117099,35
Evelyn,E05000443,177.62000,15.38800,E09000023,Lewisham,117101,41
Middle Park and Sutcliffe,E05000224,329.14300,0.00000,E09000011,Greenwich,117371,36
Coldharbour and New Eltham,E05000217,254.93500,0.00000,E09000011,Greenwich,117370,23
Eltham South,E05000219,462.64100,0.00000,E09000011,Greenwich,117367,25
Shooters Hill,E05000227,377.07200,0.00000,E09000011,Greenwich,117368,20
Peninsula,E05000225,449.19400,107.25400,E09000011,Greenwich,117376,73
Woolwich Riverside,E05000230,326.10900,72.31700,E09000011,Greenwich,117378,37
Greenwich West,E05000222,279.23400,26.43100,E09000011,Greenwich,117369,57
Eltham West,E05000220,242.56400,0.00000,E09000011,Greenwich,117382,34
Blackheath Westcombe,E05000215,213.81500,0.00000,E09000011,Greenwich,117373,30
Kidbrooke with Hornfair,E05000223,237.45400,0.00000,E09000011,Greenwich,117374,31
Eltham North,E05000218,255.51200,0.00000,E09000011,Greenwich,117372,10
Charlton,E05000216,203.12000,0.00000,E09000011,Greenwich,117377,7
Woolwich Common,E05000229,262.03500,0.00000,E09000011,Greenwich,117375,43
Plumstead,E05000226,234.18900,0.00000,E09000011,Greenwich,117380,21
Glyndon,E05000221,170.19600,15.42000,E09000011,Greenwich,117379,19
Thamesmead Moorings,E05000228,481.25600,89.36200,E09000011,Greenwich,50872,21
Abbey Wood,E05000214,265.72100,0.00000,E09000011,Greenwich,117381,20
Longlands,E05000078,259.72300,0.00000,E09000004,Bexley,117119,12
Blackfen and Lamorbey,E05000066,168.55800,0.00000,E09000004,Bexley,117121,7
Cray Meadows,E05000072,719.03100,0.00000,E09000004,Bexley,117118,26
Sidcup,E05000083,270.34700,0.00000,E09000004,Bexley,117120,19
St. Mary's,E05000081,442.85300,0.00000,E09000004,Bexley,50888,20
Crayford,E05000071,397.22900,0.45100,E09000004,Bexley,117126,29
North End,E05000079,568.00100,122.84100,E09000004,Bexley,50918,6
Erith,E05000075,475.33300,131.16600,E09000004,Bexley,117129,26
Belvedere,E05000065,317.54900,30.44100,E09000004,Bexley,117130,15
Thamesmead East,E05000084,483.36900,85.72100,E09000004,Bexley,50862,15
Falconwood and Welling,E05000076,167.02600,0.00000,E09000004,Bexley,117122,18
East Wickham,E05000074,217.31300,0.00000,E09000004,Bexley,50877,15
Blendon and Penhill,E05000067,209.79000,0.00000,E09000004,Bexley,50890,29
Danson Park,E05000073,271.32400,0.00000,E09000004,Bexley,117123,41
Christchurch,E05000069,255.20700,0.00000,E09000004,Bexley,117124,31
St. Michael's,E05000082,144.81400,0.00000,E09000004,Bexley,50864,2
Brampton,E05000068,196.74600,0.00000,E09000004,Bexley,50883,14
Northumberland Heath,E05000080,175.28200,0.00000,E09000004,Bexley,117127,11
Barnehurst,E05000064,287.74000,0.00000,E09000004,Bexley,117125,17
Colyers,E05000070,164.39300,0.00000,E09000004,Bexley,117128,12
Lesnes Abbey,E05000077,237.01900,0.00000,E09000004,Bexley,117117,7
Chase,E05000195,1693.54100,0.00000,E09000010,Enfield,117071,44
Winchmore Hill,E05000213,276.07000,0.00000,E09000010,Enfield,117075,18
Cockfosters,E05000196,1041.27900,0.00000,E09000010,Enfield,117065,20
Highlands,E05000202,508.80300,0.00000,E09000010,Enfield,117068,11
Upper Edmonton,E05000212,264.24000,0.00000,E09000010,Enfield,117069,45
Palmers Green,E05000205,194.21200,0.00000,E09000010,Enfield,117074,42
Edmonton Green,E05000197,312.64200,0.00000,E09000010,Enfield,117076,49
Lower Edmonton,E05000204,218.24800,0.00000,E09000010,Enfield,117077,24
Grange,E05000200,328.51600,0.00000,E09000010,Enfield,117067,15
Jubilee,E05000203,392.83300,0.00000,E09000010,Enfield,117078,24
Ponders End,E05000206,354.29600,0.00000,E09000010,Enfield,117081,41
Enfield Highway,E05000198,463.65300,0.00000,E09000010,Enfield,117082,26
Bowes,E05000193,148.33700,0.00000,E09000010,Enfield,117073,44
Southgate Green,E05000209,261.35100,0.00000,E09000010,Enfield,117072,39
Southgate,E05000208,268.72700,0.00000,E09000010,Enfield,117066,20
Haselbury,E05000201,179.60200,0.00000,E09000010,Enfield,117084,11
Bush Hill Park,E05000194,252.44900,0.00000,E09000010,Enfield,117070,17
Town,E05000210,223.14000,0.00000,E09000010,Enfield,117080,13
Southbury,E05000207,286.70400,0.00000,E09000010,Enfield,117079,38
Turkey Street,E05000211,226.15000,0.00000,E09000010,Enfield,117083,46
Enfield Lock,E05000199,325.23100,0.00000,E09000010,Enfield,50605,16
Leyton,E05000604,203.21800,0.00000,E09000031,Waltham Forest,50808,39
High Street,E05000599,305.89300,0.00000,E09000031,Waltham Forest,50677,32
Higham Hill,E05000600,322.12400,0.00000,E09000031,Waltham Forest,50613,26
Valley,E05000607,198.48200,0.00000,E09000031,Waltham Forest,50612,37
Chingford Green,E05000593,372.66400,0.00000,E09000031,Waltham Forest,50614,26
Cathall,E05000591,105.71200,0.00000,E09000031,Waltham Forest,50807,10
Lea Bridge,E05000603,264.68600,0.00000,E09000031,Waltham Forest,50683,86
Markhouse,E05000606,145.70400,0.00000,E09000031,Waltham Forest,50692,10
Grove Green,E05000596,89.58200,0.00000,E09000031,Waltham Forest,50685,10
Forest,E05000595,198.60500,0.00000,E09000031,Waltham Forest,51314,29
William Morris,E05000608,99.91900,0.00000,E09000031,Waltham Forest,50690,21
Hoe Street,E05000601,110.00600,0.00000,E09000031,Waltham Forest,50686,29
Wood Street,E05000609,185.01100,0.00000,E09000031,Waltham Forest,50688,28
Chapel End,E05000592,185.01500,0.00000,E09000031,Waltham Forest,50689,35
Hale End and Highams Park,E05000597,234.68900,0.00000,E09000031,Waltham Forest,50603,26
Cann Hall,E05000590,85.78800,0.00000,E09000031,Waltham Forest,51317,12
Larkswood,E05000602,206.57000,0.00000,E09000031,Waltham Forest,50601,6
Endlebury,E05000594,194.91200,0.00000,E09000031,Waltham Forest,50602,16
Hatch Lane,E05000598,241.62100,0.00000,E09000031,Waltham Forest,51311,9
Leytonstone,E05000605,130.59100,0.00000,E09000031,Waltham Forest,51313,34
Wanstead,E05000515,519.13300,0.00000,E09000026,Redbridge,116755,43
Cranbrook,E05000502,240.07900,0.00000,E09000026,Redbridge,51304,57
Newbury,E05000510,212.02300,0.00000,E09000026,Redbridge,51302,38
Roding,E05000511,236.29700,0.00000,E09000026,Redbridge,51306,32
Fairlop,E05000503,359.56900,0.00000,E09000026,Redbridge,51300,25
Goodmayes,E05000505,164.03400,0.00000,E09000026,Redbridge,51293,25
Aldborough,E05000495,859.97400,0.00000,E09000026,Redbridge,51299,44
Bridge,E05000497,257.86000,0.00000,E09000026,Redbridge,50604,12
Hainault,E05000506,565.28700,0.00000,E09000026,Redbridge,51288,22
Loxford,E05000507,128.82300,2.30000,E09000026,Redbridge,51354,31
Clementswood,E05000501,127.21500,0.00000,E09000026,Redbridge,51303,31
Mayfield,E05000508,188.21700,0.00000,E09000026,Redbridge,51292,16
Valentines,E05000514,150.32800,0.00000,E09000026,Redbridge,51307,27
Seven Kings,E05000512,208.33800,0.00000,E09000026,Redbridge,51291,37
Snaresbrook,E05000513,198.51600,0.00000,E09000026,Redbridge,116756,11
Clayhall,E05000500,249.38900,0.00000,E09000026,Redbridge,51305,42
Church End,E05000499,148.49600,0.00000,E09000026,Redbridge,51312,26
Barkingside,E05000496,152.92000,0.00000,E09000026,Redbridge,51308,26
Fullwell,E05000504,218.78700,0.00000,E09000026,Redbridge,51309,13
Chadwell,E05000498,151.26300,0.00000,E09000026,Redbridge,51290,13
Monkhams,E05000509,307.67600,0.00000,E09000026,Redbridge,51310,14
Carshalton South and Clockhouse,E05000559,705.34200,0.00000,E09000029,Sutton,116887,18
Cheam,E05000560,393.03800,0.00000,E09000029,Sutton,116888,21
Beddington South,E05000556,306.10400,0.00000,E09000029,Sutton,116898,17
St. Helier,E05000562,149.66700,0.00000,E09000029,Sutton,116894,27
Wandle Valley,E05000571,205.36900,0.00000,E09000029,Sutton,116897,13
Belmont,E05000557,233.33200,0.00000,E09000029,Sutton,116890,6
Nonsuch,E05000561,190.70200,0.00000,E09000029,Sutton,116889,8
Worcester Park,E05000572,195.70300,0.00000,E09000029,Sutton,50827,9
Sutton South,E05000566,127.15900,0.00000,E09000029,Sutton,116900,6
Sutton West,E05000567,178.21500,0.00000,E09000029,Sutton,116892,11
Sutton Central,E05000564,131.04800,0.00000,E09000029,Sutton,116901,21
Carshalton Central,E05000558,202.38200,0.00000,E09000029,Sutton,116895,11
Sutton North,E05000565,187.37200,0.00000,E09000029,Sutton,116893,11
Stonecot,E05000563,198.35800,0.00000,E09000029,Sutton,116899,17
The Wrythe,E05000568,148.36100,0.00000,E09000029,Sutton,119327,8
Wallington South,E05000570,171.79800,0.00000,E09000029,Sutton,116891,15
Wallington North,E05000569,161.92700,0.00000,E09000029,Sutton,51325,12
Beddington North,E05000555,498.82100,0.00000,E09000029,Sutton,51326,12
Hampton,E05000520,687.72400,0.00000,E09000027,Richmond upon Thames,117445,26
Teddington,E05000530,429.55000,2.82300,E09000027,Richmond upon Thames,117446,13
Hampton Wick,E05000522,274.55200,0.44400,E09000027,Richmond upon Thames,50529,11
Heathfield,E05000523,191.05800,0.00000,E09000027,Richmond upon Thames,51143,26
Twickenham Riverside,E05000531,196.43100,21.26200,E09000027,Richmond upon Thames,117431,10
"Ham, Petersham and Richmond Riverside",E05000519,943.26700,18.15000,E09000027,Richmond upon Thames,51116,26
North Richmond,E05000526,280.14700,8.58500,E09000027,Richmond upon Thames,117432,38
Kew,E05000524,357.62500,27.58300,E09000027,Richmond upon Thames,51115,10
East Sheen,E05000517,583.31900,0.00000,E09000027,Richmond upon Thames,117429,18
Mortlake and Barnes Common,E05000525,193.60800,9.31300,E09000027,Richmond upon Thames,50461,14
Hampton North,E05000521,194.98000,0.00000,E09000027,Richmond upon Thames,117449,8
Fulwell and Hampton Hill,E05000518,191.77200,0.00000,E09000027,Richmond upon Thames,51128,18
West Twickenham,E05000532,245.85600,0.00000,E09000027,Richmond upon Thames,117447,17
Whitton,E05000533,162.59700,0.00000,E09000027,Richmond upon Thames,51142,9
South Twickenham,E05000529,172.72700,3.68800,E09000027,Richmond upon Thames,117448,19
St. Margarets and North Twickenham,E05000527,200.76300,4.02600,E09000027,Richmond upon Thames,117430,26
South Richmond,E05000528,269.13900,3.14200,E09000027,Richmond upon Thames,50527,16
Barnes,E05000516,300.99400,36.42600,E09000027,Richmond upon Thames,50474,11
Cannon Hill,E05000456,222.34400,0.00000,E09000024,Merton,50826,5
Cricket Green,E05000458,299.55300,0.00000,E09000024,Merton,50783,48
Village,E05000472,621.28500,0.00000,E09000024,Merton,50778,10
Wimbledon Park,E05000474,231.00700,0.00000,E09000024,Merton,51250,20
Lower Morden,E05000465,180.37800,0.00000,E09000024,Merton,50534,6
West Barnes,E05000473,195.16400,0.00000,E09000024,Merton,50825,19
Raynes Park,E05000469,185.65100,0.00000,E09000024,Merton,50822,20
Dundonald,E05000459,115.19700,0.00000,E09000024,Merton,50823,8
St. Helier,E05000470,184.52700,0.00000,E09000024,Merton,50842,24
Ravensbury,E05000468,183.95400,0.00000,E09000024,Merton,50780,25
Merton Park,E05000466,181.41800,0.00000,E09000024,Merton,51252,27
Abbey,E05000455,139.32600,0.00000,E09000024,Merton,50779,39
Figge's Marsh,E05000460,114.19000,0.00000,E09000024,Merton,117356,27
Pollards Hill,E05000467,216.32600,0.00000,E09000024,Merton,51193,15
Graveney,E05000461,88.24900,0.00000,E09000024,Merton,122408,16
Longthornton,E05000464,148.34300,0.00000,E09000024,Merton,50785,9
Hillside,E05000462,118.89800,0.00000,E09000024,Merton,50824,13
Trinity,E05000471,107.60100,0.00000,E09000024,Merton,51251,5
Lavender Fields,E05000463,117.96500,0.00000,E09000024,Merton,50781,18
Colliers Wood,E05000457,111.09000,0.00000,E09000024,Merton,122406,47
Roehampton and Putney Heath,E05000621,442.41500,0.00000,E09000032,Wandsworth,117302,48
Thamesfield,E05000625,192.17200,26.21100,E09000032,Wandsworth,51249,31
Wandsworth Common,E05000627,276.49700,0.00000,E09000032,Wandsworth,117305,32
West Hill,E05000628,168.56800,0.00000,E09000032,Wandsworth,117310,15
West Putney,E05000629,184.76100,0.00000,E09000032,Wandsworth,50644,20
East Putney,E05000613,161.03400,0.00000,E09000032,Wandsworth,117303,67
Graveney,E05000616,101.11700,0.00000,E09000032,Wandsworth,122407,46
Tooting,E05000626,160.02000,0.00000,E09000032,Wandsworth,50715,59
Southfields,E05000624,152.46900,0.00000,E09000032,Wandsworth,50645,36
Earlsfield,E05000612,140.34100,0.00000,E09000032,Wandsworth,117304,39
Nightingale,E05000618,123.19700,0.00000,E09000032,Wandsworth,117311,36
Furzedown,E05000615,141.52800,0.00000,E09000032,Wandsworth,122411,26
Bedford,E05000611,180.48000,0.00000,E09000032,Wandsworth,50713,28
Balham,E05000610,121.17600,0.00000,E09000032,Wandsworth,50717,44
Fairfield,E05000614,145.42800,6.74500,E09000032,Wandsworth,117306,44
Northcote,E05000619,167.53500,0.00000,E09000032,Wandsworth,117307,59
Latchmere,E05000617,108.32600,0.00000,E09000032,Wandsworth,117312,37
St. Mary's Park,E05000622,139.68500,31.39900,E09000032,Wandsworth,117308,38
Queenstown,E05000620,320.48600,31.24400,E09000032,Wandsworth,117309,71
Shaftesbury,E05000623,94.78900,0.00000,E09000032,Wandsworth,50798,28
Palace Riverside,E05000259,148.08300,34.32100,E09000013,Hammersmith and Fulham,117145,26
Munster,E05000257,62.42700,0.00000,E09000013,Hammersmith and Fulham,117153,3
Sands End,E05000262,137.80600,23.59600,E09000013,Hammersmith and Fulham,117151,23
Parsons Green and Walham,E05000260,89.58700,0.00000,E09000013,Hammersmith and Fulham,117150,49
Fulham Broadway,E05000254,66.79700,0.00000,E09000013,Hammersmith and Fulham,117155,20
Ravenscourt Park,E05000261,121.53300,6.31700,E09000013,Hammersmith and Fulham,117147,27
Hammersmith Broadway,E05000256,110.30500,5.48600,E09000013,Hammersmith and Fulham,117148,52
Avonmore and Brook Green,E05000252,89.65900,0.00000,E09000013,Hammersmith and Fulham,117149,18
Askew,E05000251,76.25000,0.00000,E09000013,Hammersmith and Fulham,117146,27
Wormholt and White City,E05000265,90.16400,0.00000,E09000013,Hammersmith and Fulham,117157,19
Shepherd's Bush Green,E05000263,106.82000,0.00000,E09000013,Hammersmith and Fulham,117158,50
College Park and Old Oak,E05000253,343.65400,0.00000,E09000013,Hammersmith and Fulham,50480,39
Town,E05000264,65.12900,0.00000,E09000013,Hammersmith and Fulham,117152,32
Fulham Reach,E05000255,88.19800,5.92800,E09000013,Hammersmith and Fulham,117154,26
North End,E05000258,63.51700,0.00000,E09000013,Hammersmith and Fulham,117156,20
Addison,E05000250,55.48100,0.00000,E09000013,Hammersmith and Fulham,50641,22
Cremorne,E05000387,61.02800,13.24100,E09000020,Kensington and Chelsea,51243,50
Holland,E05000391,103.89600,0.00000,E09000020,Kensington and Chelsea,50661,22
Norland,E05000392,72.39300,0.00000,E09000020,Kensington and Chelsea,117492,29
Golborne,E05000389,94.41300,0.00000,E09000020,Kensington and Chelsea,50559,25
Redcliffe,E05000396,69.64000,0.00000,E09000020,Kensington and Chelsea,51247,38
Stanley,E05000399,66.23500,0.00000,E09000020,Kensington and Chelsea,117490,40
Royal Hospital,E05000397,90.14300,12.75300,E09000020,Kensington and Chelsea,117491,38
Brompton,E05000383,95.50400,0.00000,E09000020,Kensington and Chelsea,117493,32
Abingdon,E05000382,63.06000,0.00000,E09000020,Kensington and Chelsea,50660,32
Pembridge,E05000394,48.90400,0.00000,E09000020,Kensington and Chelsea,50562,18
Notting Barns,E05000393,62.33200,0.00000,E09000020,Kensington and Chelsea,50484,44
Colville,E05000385,39.21200,0.00000,E09000020,Kensington and Chelsea,50563,12
St. Charles,E05000398,70.78300,0.00000,E09000020,Kensington and Chelsea,50483,19
Earl's Court,E05000388,45.82800,0.00000,E09000020,Kensington and Chelsea,50662,23
Courtfield,E05000386,47.76000,0.00000,E09000020,Kensington and Chelsea,50654,21
Queen's Gate,E05000395,60.64500,0.00000,E09000020,Kensington and Chelsea,50657,23
Hans Town,E05000390,55.23400,0.00000,E09000020,Kensington and Chelsea,117494,26
Campden,E05000384,91.37000,0.00000,E09000020,Kensington and Chelsea,50561,16
St. James's,E05000644,346.37900,27.14600,E09000033,Westminster,117483,208
Lancaster Gate,E05000638,63.08200,0.00000,E09000033,Westminster,50773,32
Knightsbridge and Belgravia,E05000637,359.43000,0.00000,E09000033,Westminster,117482,127
Hyde Park,E05000636,95.51400,0.00000,E09000033,Westminster,50772,60
Churchill,E05000633,60.92300,9.33300,E09000033,Westminster,50796,30
Vincent Square,E05000646,68.35500,8.89000,E09000033,Westminster,117485,33
West End,E05000649,199.97300,0.00000,E09000033,Westminster,50723,107
Harrow Road,E05000635,49.51900,0.00000,E09000033,Westminster,50565,33
Bryanston and Dorset Square,E05000632,72.31800,0.00000,E09000033,Westminster,50771,56
Regent's Park,E05000643,225.57600,0.00000,E09000033,Westminster,50571,74
Abbey Road,E05000630,109.49200,0.00000,E09000033,Westminster,117484,24
Marylebone High Street,E05000641,100.10700,0.00000,E09000033,Westminster,117487,54
Queen's Park,E05000642,58.44100,0.00000,E09000033,Westminster,50555,18
Bayswater,E05000631,51.94900,0.00000,E09000033,Westminster,50564,13
Warwick,E05000647,57.35400,0.00000,E09000033,Westminster,50794,17
Tachbrook,E05000645,44.32800,8.94000,E09000033,Westminster,117486,48
Westbourne,E05000648,67.64600,0.00000,E09000033,Westminster,50566,25
Little Venice,E05000639,63.73300,0.00000,E09000033,Westminster,50568,48
Maida Vale,E05000640,64.61500,0.00000,E09000033,Westminster,50639,13
Church Street,E05000634,44.26900,0.00000,E09000033,Westminster,50567,24
Swiss Cottage,E05000144,125.67100,0.00000,E09000007,Camden,117288,24
Highgate,E05000137,323.92600,0.00000,E09000007,Camden,50573,18
Kilburn,E05000140,68.51800,0.00000,E09000007,Camden,117286,13
Bloomsbury,E05000129,102.09100,0.00000,E09000007,Camden,117296,70
Holborn and Covent Garden,E05000138,119.49300,0.00000,E09000007,Camden,117300,87
St. Pancras and Somers Town,E05000143,139.88900,0.00000,E09000007,Camden,117290,49
Camden Town with Primrose Hill,E05000130,116.61500,0.00000,E09000007,Camden,117297,59
Cantelowes,E05000131,75.93300,0.00000,E09000007,Camden,117299,38
King's Cross,E05000141,61.13800,0.00000,E09000007,Camden,117301,36
Fortune Green,E05000132,100.65200,0.00000,E09000007,Camden,117295,27
Frognal and Fitzjohns,E05000133,153.02300,0.00000,E09000007,Camden,117293,19
Gospel Oak,E05000134,69.23200,0.00000,E09000007,Camden,117291,6
Hampstead Town,E05000135,244.93900,0.00000,E09000007,Camden,117294,29
Kentish Town,E05000139,102.89500,0.00000,E09000007,Camden,117292,35
West Hampstead,E05000145,88.72900,0.00000,E09000007,Camden,117287,27
Belsize,E05000128,78.05700,0.00000,E09000007,Camden,50576,18
Haverstock,E05000136,73.17700,0.00000,E09000007,Camden,117298,19
Regent's Park,E05000142,134.95600,0.00000,E09000007,Camden,117289,71
Millwall,E05000583,245.81800,49.74300,E09000030,Tower Hamlets,117257,44
Blackwall and Cubitt Town,E05000575,296.71300,72.36900,E09000030,Tower Hamlets,117258,56
Shadwell,E05000586,96.22500,9.72000,E09000030,Tower Hamlets,51234,90
St. Katharine's and Wapping,E05000585,150.90900,36.30100,E09000030,Tower Hamlets,51235,55
Limehouse,E05000580,114.28400,7.03400,E09000030,Tower Hamlets,117259,48
Bethnal Green South,E05000574,88.18700,0.00000,E09000030,Tower Hamlets,117260,49
Mile End and Globe Town,E05000581,90.03900,0.00000,E09000030,Tower Hamlets,50748,25
Bethnal Green North,E05000573,82.53400,0.00000,E09000030,Tower Hamlets,117261,47
St. Dunstan's and Stepney Green,E05000584,101.84800,0.00000,E09000030,Tower Hamlets,117264,37
Mile End East,E05000582,107.13300,0.00000,E09000030,Tower Hamlets,50745,61
East India and Lansbury,E05000579,122.34100,4.54000,E09000030,Tower Hamlets,117265,33
Bromley-by-Bow,E05000578,107.07300,0.00000,E09000030,Tower Hamlets,117266,22
Bow West,E05000577,134.29300,0.00000,E09000030,Tower Hamlets,117262,36
Bow East,E05000576,186.61000,0.00000,E09000030,Tower Hamlets,117263,29
Whitechapel,E05000589,92.14700,0.00000,E09000030,Tower Hamlets,50753,77
Spitalfields and Banglatown,E05000587,63.77300,0.00000,E09000030,Tower Hamlets,50754,56
Weavers,E05000588,77.57500,0.00000,E09000030,Tower Hamlets,50811,38
Clerkenwell,E05000370,93.26300,0.00000,E09000019,Islington,50755,70
Caledonian,E05000368,113.61100,0.00000,E09000019,Islington,50626,32
St. Mary's,E05000379,86.83100,0.00000,E09000019,Islington,50761,68
Holloway,E05000375,100.87400,0.00000,E09000019,Islington,117408,66
Highbury East,E05000372,100.80900,0.00000,E09000019,Islington,50667,13
Highbury West,E05000373,108.25400,0.00000,E09000019,Islington,117409,45
Tollington,E05000381,84.86600,0.00000,E09000019,Islington,117405,16
Bunhill,E05000367,108.26300,0.00000,E09000019,Islington,50812,87
St. Peter's,E05000380,81.05300,0.00000,E09000019,Islington,50762,43
Canonbury,E05000369,80.72000,0.00000,E09000019,Islington,117407,32
Barnsbury,E05000366,83.01200,0.00000,E09000019,Islington,50763,37
St. George's,E05000378,84.58200,0.00000,E09000019,Islington,50625,31
Junction,E05000376,102.75000,0.00000,E09000019,Islington,50586,34
Finsbury Park,E05000371,91.62600,0.00000,E09000019,Islington,117410,52
Hillrise,E05000374,82.47100,0.00000,E09000019,Islington,117406,13
Mildmay,E05000377,82.68000,0.00000,E09000019,Islington,50699,17
Haggerston,E05000239,124.25000,0.00000,E09000012,Hackney,117332,82
Brownswood,E05000231,83.85500,0.00000,E09000012,Hackney,50583,29
De Beauvoir,E05000236,88.78300,0.00000,E09000012,Hackney,50759,52
Queensbridge,E05000245,107.97400,0.00000,E09000012,Hackney,50810,31
Wick,E05000249,162.74400,0.00000,E09000012,Hackney,50741,35
Dalston,E05000235,92.65800,0.00000,E09000012,Hackney,117336,51
Stoke Newington Central,E05000247,71.19200,0.00000,E09000012,Hackney,117340,39
Hackney Downs,E05000238,101.80500,0.00000,E09000012,Hackney,117342,43
Leabridge,E05000242,106.36300,0.00000,E09000012,Hackney,50675,14
New River,E05000244,97.79800,0.00000,E09000012,Hackney,117333,37
Cazenove,E05000232,68.46200,0.00000,E09000012,Hackney,117343,21
King's Park,E05000241,181.95600,0.00000,E09000012,Hackney,117334,1
Hoxton,E05000240,83.96000,0.00000,E09000012,Hackney,117335,25
Victoria,E05000248,80.22100,0.00000,E09000012,Hackney,50751,14
Hackney Central,E05000237,78.03100,0.00000,E09000012,Hackney,117337,30
Chatham,E05000233,90.75000,0.00000,E09000012,Hackney,117338,39
Clissold,E05000234,70.04400,0.00000,E09000012,Hackney,117339,18
Lordship,E05000243,118.80400,0.00000,E09000012,Hackney,117341,24
Springfield,E05000246,95.25600,0.00000,E09000012,Hackney,50676,14
Highgate,E05000272,249.48200,0.00000,E09000014,Haringey,117131,43
Harringay,E05000271,156.60900,0.00000,E09000014,Haringey,117132,84
Fortis Green,E05000270,199.07100,0.00000,E09000014,Haringey,119323,12
Bounds Green,E05000267,138.62400,0.00000,E09000014,Haringey,50494,34
Crouch End,E05000269,144.04000,0.00000,E09000014,Haringey,117135,16
Stroud Green,E05000279,109.37400,0.00000,E09000014,Haringey,50702,5
Muswell Hill,E05000274,165.32800,0.00000,E09000014,Haringey,50708,15
Hornsey,E05000273,105.39000,0.00000,E09000014,Haringey,117136,19
Alexandra,E05000266,261.38500,0.00000,E09000014,Haringey,50594,10
Noel Park,E05000275,122.56400,0.00000,E09000014,Haringey,50592,50
Woodside,E05000284,149.71500,0.00000,E09000014,Haringey,50537,25
St. Ann's,E05000277,109.38100,0.00000,E09000014,Haringey,117137,33
Seven Sisters,E05000278,129.46300,0.00000,E09000014,Haringey,50701,35
Tottenham Green,E05000280,135.96600,0.00000,E09000014,Haringey,117133,57
West Green,E05000282,139.91100,0.00000,E09000014,Haringey,50591,29
Tottenham Hale,E05000281,191.18900,0.00000,E09000014,Haringey,50694,35
White Hart Lane,E05000283,169.88500,0.00000,E09000014,Haringey,50597,30
Bruce Grove,E05000268,93.65800,0.00000,E09000014,Haringey,50589,47
Northumberland Park,E05000276,188.80200,0.00000,E09000014,Haringey,117134,49
Royal Docks,E05000491,473.05200,142.28300,E09000025,Newham,116821,16
Canning Town North,E05000477,252.08500,6.13600,E09000025,Newham,116825,37
Beckton,E05000475,625.18800,70.66500,E09000025,Newham,51352,50
East Ham South,E05000482,180.89900,1.74200,E09000025,Newham,50805,52
Stratford and New Town,E05000492,423.49700,4.51800,E09000025,Newham,116822,76
Canning Town South,E05000478,180.87500,12.29200,E09000025,Newham,116823,48
Custom House,E05000479,206.34400,0.00000,E09000025,Newham,116824,32
Plaistow South,E05000490,138.45200,0.00000,E09000025,Newham,116829,35
West Ham,E05000494,133.70000,0.00000,E09000025,Newham,116828,26
Plaistow North,E05000489,98.41800,0.00000,E09000025,Newham,50738,18
Forest Gate South,E05000484,119.11500,0.00000,E09000025,Newham,51318,41
Boleyn,E05000476,91.71800,0.00000,E09000025,Newham,51362,20
East Ham Central,E05000480,103.19700,0.00000,E09000025,Newham,51357,35
Green Street West,E05000486,80.28100,0.00000,E09000025,Newham,116826,25
Green Street East,E05000485,74.63100,0.00000,E09000025,Newham,116827,16
East Ham North,E05000481,90.46400,0.00000,E09000025,Newham,51355,20
Wall End,E05000493,137.67500,0.00000,E09000025,Newham,51277,21
Forest Gate North,E05000483,124.76800,0.00000,E09000025,Newham,51316,9
Manor Park,E05000488,133.48700,0.00000,E09000025,Newham,51359,27
Little Ilford,E05000487,189.96100,0.00000,E09000025,Newham,51356,33
Gascoigne,E05000032,113.87400,4.90600,E09000002,Barking and Dagenham,51280,29
Thames,E05000039,788.84800,120.12500,E09000002,Barking and Dagenham,117012,81
River,E05000038,354.36900,41.46400,E09000002,Barking and Dagenham,117013,21
Village,E05000041,214.74800,0.00000,E09000002,Barking and Dagenham,50858,10
Abbey,E05000026,128.29200,2.65500,E09000002,Barking and Dagenham,51353,30
Longbridge,E05000035,164.53000,0.00000,E09000002,Barking and Dagenham,51279,16
Eastbury,E05000031,143.92100,0.00000,E09000002,Barking and Dagenham,51278,28
Goresbrook,E05000033,127.78200,0.00000,E09000002,Barking and Dagenham,117016,7
Mayesbrook,E05000036,185.64200,0.00000,E09000002,Barking and Dagenham,117015,21
Becontree,E05000028,128.80900,0.00000,E09000002,Barking and Dagenham,117018,23
Alibon,E05000027,136.44200,0.00000,E09000002,Barking and Dagenham,117020,17
Valence,E05000040,129.28400,0.00000,E09000002,Barking and Dagenham,117019,17
Heath,E05000034,200.12800,0.00000,E09000002,Barking and Dagenham,117021,13
Whalebone,E05000042,155.39900,0.00000,E09000002,Barking and Dagenham,117022,18
Eastbrook,E05000030,345.06000,0.00000,E09000002,Barking and Dagenham,50856,13
Chadwell Heath,E05000029,338.42200,0.00000,E09000002,Barking and Dagenham,117014,24
Parsloes,E05000037,124.38400,0.00000,E09000002,Barking and Dagenham,117017,11
City of London,E09000001,314.94300,24.54600,E09000001,City of London,122502,237
