NAME,GSS_CODE,HECTARES,NONLD_AREA,LB_GSS_CD,BOROUGH,POLY_ID,NUMPOINTS,Area,Node_Den,road_length_y,road_count_y,road_density_y,bike_intersections_y,bike_intersection_density_y,road_junction_y,road_junction_density_y
Chessington South,E05000405,755.173,0,E09000021,Kingston upon Thames,50840,236,7551782,0.00003125,38484.49074,463,0.00509608,18,0.000002383,245,0.000032442
Tolworth and Hook Rise,E05000414,259.464,0,E09000021,Kingston upon Thames,117160,160,2594666,0.000061665,31196.91786,331,0.012023481,20,0.000007708,170,0.000065519
Berrylands,E05000401,145.39,0,E09000021,Kingston upon Thames,50449,103,1453887,0.000070844,19631.39603,208,0.013502697,5,0.000003439,106,0.000072908
Alexandra,E05000400,268.506,0,E09000021,Kingston upon Thames,50456,157,2685019,0.000058472,29485.08469,300,0.010981331,18,0.000006703,165,0.000061452
Beverley,E05000402,187.821,0,E09000021,Kingston upon Thames,117161,107,1878204,0.000056969,20609.22011,226,0.010972833,12,0.000006389,108,0.000057501
Coombe Hill,E05000406,442.17,0,E09000021,Kingston upon Thames,117159,220,4421680,0.000049754,41186.83624,434,0.009314748,17,0.000003844,222,0.000050207
Chessington North and Hook,E05000404,192.98,0,E09000021,Kingston upon Thames,50530,160,1929805,0.000082909,25311.49245,309,0.013116088,1,0.000000518,163,0.000084464
Surbiton Hill,E05000413,166.482,0,E09000021,Kingston upon Thames,50457,167,1664836,0.00010031,24143.53616,331,0.01450205,5,0.000003003,168,0.00010091
Old Malden,E05000410,180.016,0,E09000021,Kingston upon Thames,50455,133,1800152,0.000073882,24940.68275,266,0.013854764,1,0.000000555,140,0.000077771
St. Mark's,E05000412,137.578,0,E09000021,Kingston upon Thames,50450,125,1375763,0.000090858,19045.62807,240,0.013843683,3,0.00000218,127,0.000092312
Grove,E05000408,192.034,0,E09000021,Kingston upon Thames,50458,226,1920347,0.000117687,29273.27415,437,0.015243742,51,0.000026557,227,0.000118207
Canbury,E05000403,124.241,0,E09000021,Kingston upon Thames,51118,131,1242408,0.00010544,20603.45378,251,0.016583484,14,0.000011268,132,0.000106245
Norbiton,E05000409,134.711,0,E09000021,Kingston upon Thames,50451,115,1347124,0.000085367,18408.67801,217,0.013665169,10,0.000007423,115,0.000085367
Coombe Vale,E05000407,164.71,0,E09000021,Kingston upon Thames,50452,133,1647111,0.000080747,22897.43801,260,0.013901575,1,0.000000607,134,0.000081354
St. James,E05000411,216.584,0,E09000021,Kingston upon Thames,50454,153,2165871,0.000070641,25952.70965,321,0.011982574,17,0.000007849,165,0.000076181
Tudor,E05000415,158.255,0,E09000021,Kingston upon Thames,51117,167,1582521,0.000105527,25513.07862,310,0.016121794,10,0.000006319,169,0.000106791
Coulsdon East,E05000150,774.358,0,E09000008,Croydon,50897,181,7743610,0.000023374,45618.25001,342,0.005891083,6,0.000000774,182,0.000023503
Selsdon and Ballards,E05000162,639.834,0,E09000008,Croydon,50900,162,6398350,0.000025319,39035.59237,317,0.006100884,13,0.000002031,162,0.000025319
Coulsdon West,E05000151,499.147,0,E09000008,Croydon,51328,200,4991428,0.000040068,53204.35202,399,0.010659144,34,0.000006811,210,0.000042072
Waddon,E05000167,364.759,0,E09000008,Croydon,51256,254,3647574,0.000069635,42323.12883,517,0.011603089,16,0.000004386,260,0.00007128
Kenley,E05000156,645.609,0,E09000008,Croydon,50898,241,6456114,0.000037329,55819.98353,471,0.008646065,3,0.000000464,241,0.000037329
Purley,E05000159,417.518,0,E09000008,Croydon,51329,245,4175166,0.00005868,52123.00368,484,0.012484055,28,0.000006706,255,0.000061075
Sanderstead,E05000160,634.697,0,E09000008,Croydon,50899,206,6346947,0.000032456,44510.62173,403,0.007012918,13,0.000002048,213,0.000033559
Heathfield,E05000155,871.342,0,E09000008,Croydon,51332,254,8713469,0.00002915,53170.0208,505,0.006102049,41,0.000004705,266,0.000030527
Fairfield,E05000153,377.221,0,E09000008,Croydon,51198,320,3772226,0.00008483,47665.82268,650,0.012635993,33,0.000008748,337,0.000089337
Broad Green,E05000149,266.195,0,E09000008,Croydon,51196,241,2661951,0.000090535,41066.74316,501,0.01542731,19,0.000007137,259,0.000097297
West Thornton,E05000168,197.117,0,E09000008,Croydon,51197,188,1971151,0.000095375,29223.6635,355,0.014825684,22,0.000011161,189,0.000095883
Bensham Manor,E05000148,144.147,0,E09000008,Croydon,51145,128,1441463,0.000088798,22126.20644,243,0.015349826,2,0.000001387,129,0.000089492
Norbury,E05000158,251.818,0,E09000008,Croydon,51192,194,2518187,0.000077039,32780.72605,362,0.01301759,8,0.000003176,194,0.000077039
New Addington,E05000157,241.71,0,E09000008,Croydon,50901,141,2417072,0.000058335,27648.34695,255,0.011438776,9,0.000003723,153,0.000063299
Croham,E05000152,352.705,0,E09000008,Croydon,51331,232,3527083,0.000065776,42050.52306,438,0.011922181,18,0.000005103,233,0.00006606
Fieldway,E05000154,148.649,0,E09000008,Croydon,51261,96,1486485,0.000064581,18361.24662,189,0.012352123,5,0.000003363,100,0.000067272
Shirley,E05000163,280.541,0,E09000008,Croydon,116954,234,2805406,0.00008341,37456.10175,448,0.013351401,17,0.000006059,240,0.000085549
Selhurst,E05000161,227.303,0,E09000008,Croydon,51199,182,2273030,0.000080069,29706.32868,351,0.013069043,5,0.000002199,182,0.000080069
Ashburton,E05000147,271.173,0,E09000008,Croydon,51259,203,2711714,0.00007486,34403.63445,378,0.012687043,13,0.000004794,204,0.000075229
Woodside,E05000169,216.651,0,E09000008,Croydon,116956,175,2166519,0.000080774,27079.25477,319,0.012498969,7,0.000003231,175,0.000080774
Thornton Heath,E05000165,168.107,0,E09000008,Croydon,51232,157,1681076,0.000093392,26012.86812,303,0.015473939,2,0.000001189,157,0.000093392
Upper Norwood,E05000166,262.328,0,E09000008,Croydon,119328,187,2623289,0.000071284,33452.7367,383,0.012752211,5,0.000001906,193,0.000073571
South Norwood,E05000164,237.817,0,E09000008,Croydon,51146,212,2378172,0.000089144,30967.29534,414,0.01302147,6,0.000002522,212,0.000089144
Addiscombe,E05000146,158.808,0,E09000008,Croydon,51257,155,1588079,0.000097602,26070.92266,293,0.01641664,6,0.000003778,156,0.000098231
Darwin,E05000117,2903.96,0,E09000006,Bromley,117267,179,29039637,0.000006164,74761.87722,384,0.002574477,6,0.000000206,182,0.000006267
Hayes and Coney Hall,E05000119,1082.306,0,E09000006,Bromley,117271,328,10823010,0.000030305,65424.84054,599,0.006044976,8,0.000000739,330,0.00003049
Bromley Common and Keston,E05000108,830.82,0,E09000006,Bromley,50903,302,8308219,0.000036349,59310.00697,601,0.007138714,29,0.00000349,312,0.000037553
Chelsfield and Pratts Bottom,E05000110,1256.32,0,E09000006,Bromley,117270,288,12563169,0.000022924,72317.63779,595,0.005756321,17,0.000001353,311,0.000024754
Biggin Hill,E05000107,828.039,0,E09000006,Bromley,50896,130,8280370,0.000015699,36044.01271,277,0.004352947,2,0.000000241,135,0.000016303
West Wickham,E05000127,441.047,0,E09000006,Bromley,117268,255,4410464,0.000057817,46568.14749,499,0.010558559,13,0.000002947,262,0.000059404
Clock House,E05000112,226.647,0,E09000006,Bromley,117277,150,2266433,0.000066183,29887.21759,297,0.013186896,15,0.000006618,152,0.000067065
Kelsey and Eden Park,E05000120,519.895,0,E09000006,Bromley,117269,363,5198963,0.000069821,56636.40973,734,0.010893789,9,0.000001731,377,0.000072514
Farnborough and Crofton,E05000118,700.584,0,E09000006,Bromley,117272,303,7005826,0.000043249,55496.55387,579,0.007921486,21,0.000002997,307,0.00004382
Shortlands,E05000126,245.665,0,E09000006,Bromley,117276,164,2456676,0.000066756,30743.45313,314,0.012514248,7,0.000002849,166,0.000067571
Bromley Town,E05000109,371.656,0,E09000006,Bromley,117281,259,3716585,0.000069687,46289.24184,532,0.012454778,27,0.000007264,259,0.000069687
Bickley,E05000106,486.913,0,E09000006,Bromley,51335,324,4869086,0.000066542,54854.48684,645,0.011265869,8,0.000001643,325,0.000066747
Petts Wood and Knoll,E05000124,430.127,0,E09000006,Bromley,50912,189,4301311,0.00004394,41797.73138,375,0.00971744,16,0.000003719,189,0.00004394
Crystal Palace,E05000116,229.114,0,E09000006,Bromley,117275,185,2291141,0.000080745,29255.08629,360,0.012768784,11,0.000004801,188,0.000082055
Penge and Cator,E05000123,295.972,0,E09000006,Bromley,117278,198,2959729,0.000066898,34998.93255,393,0.011825046,15,0.000005068,198,0.000066898
Copers Cope,E05000113,328.692,0,E09000006,Bromley,117279,292,3286948,0.000088836,42074.88615,566,0.012800593,9,0.000002738,294,0.000089444
Plaistow and Sundridge,E05000125,400.094,0,E09000006,Bromley,51336,236,4000908,0.000058986,41872.01826,445,0.010465628,11,0.000002749,236,0.000058986
Chislehurst,E05000111,1044.12,0,E09000006,Bromley,50911,378,10441236,0.000036202,72215.00443,729,0.006916327,15,0.000001436,382,0.000036585
Mottingham and Chislehurst North,E05000121,244.184,0,E09000006,Bromley,51338,118,2441838,0.000048324,23397.24262,230,0.009581816,8,0.000003276,120,0.000049143
Orpington,E05000122,425.616,0,E09000006,Bromley,117280,245,4256200,0.000057563,48458.26184,478,0.011385334,27,0.000006343,253,0.000059442
Cray Valley West,E05000115,393.85,0,E09000006,Bromley,117273,226,3938484,0.000057382,47781.65886,453,0.012131992,19,0.000004824,236,0.000059921
Cray Valley East,E05000114,1327.866,0,E09000006,Bromley,117274,325,13278628,0.000024475,70958.07152,645,0.00534378,42,0.000003163,325,0.000024475
Bedfont,E05000346,444.841,0,E09000018,Hounslow,51131,217,4448396,0.000048781,41375.63524,447,0.009301248,36,0.000008092,239,0.000053727
Hanworth,E05000353,323.258,0,E09000018,Hounslow,51122,252,3232592,0.000077956,41253.19017,501,0.012761644,22,0.000006805,268,0.000082905
Cranford,E05000350,272.63,0,E09000018,Hounslow,51125,269,2726266,0.000098669,36749.02749,521,0.013479619,55,0.000020174,274,0.000100503
Syon,E05000364,285.378,13.187,E09000018,Hounslow,117104,226,2853762,0.000079193,32615.07233,462,0.011428799,20,0.000007008,227,0.000079544
Heston West,E05000357,382.657,0,E09000018,Hounslow,51133,221,3826597,0.000057753,43284.30723,486,0.011311436,22,0.000005749,243,0.000063502
Heston East,E05000356,205.913,0,E09000018,Hounslow,117113,179,2059103,0.000086931,25320.90204,356,0.012297054,22,0.000010684,179,0.000086931
Osterley and Spring Grove,E05000363,627.784,0,E09000018,Hounslow,117103,239,6277863,0.00003807,48787.69092,452,0.007771385,30,0.000004778,243,0.000038707
Brentford,E05000347,318.351,3.263,E09000018,Hounslow,117105,251,3183527,0.000078843,40516.08992,492,0.012726793,67,0.000021045,258,0.000081042
Chiswick Homefields,E05000348,225.923,22.286,E09000018,Hounslow,117106,131,2259239,0.000057984,26457.39274,287,0.011710754,20,0.000008852,140,0.000061967
Feltham West,E05000352,318.105,0,E09000018,Hounslow,117107,223,3181055,0.000070102,34743.10748,453,0.010921882,9,0.000002829,228,0.000071674
Hanworth Park,E05000354,366.126,0,E09000018,Hounslow,51123,238,3661220,0.000065005,40390.24274,494,0.011031908,15,0.000004097,252,0.000068829
Feltham North,E05000351,338.448,0,E09000018,Hounslow,117102,217,3384548,0.000064114,36629.41248,416,0.010822541,29,0.000008568,219,0.000064705
Hounslow Heath,E05000359,278.178,0,E09000018,Hounslow,117108,155,2781809,0.000055719,22902.88157,328,0.008233089,10,0.000003594,155,0.000055719
Hounslow West,E05000361,162.018,0,E09000018,Hounslow,117109,182,1620152,0.000112335,27140.78666,373,0.016752,5,0.000003086,182,0.000112335
Heston Central,E05000355,168.478,0,E09000018,Hounslow,117112,164,1684781,0.000097342,25458.35942,345,0.015110782,22,0.000013058,170,0.000100903
Hounslow South,E05000360,179.011,0,E09000018,Hounslow,117110,255,1790106,0.000142449,32634.97599,492,0.01823075,7,0.00000391,257,0.000143566
Isleworth,E05000362,203.089,6.436,E09000018,Hounslow,117111,188,2030917,0.000092569,30356.04328,368,0.014946964,12,0.000005908,191,0.000094046
Hounslow Central,E05000358,173.393,0,E09000018,Hounslow,117116,155,1733931,0.000089392,24873.23305,322,0.014344995,13,0.000007497,156,0.000089969
Chiswick Riverside,E05000349,208.007,15.584,E09000018,Hounslow,117114,173,2080064,0.00008317,27768.8359,325,0.013349991,11,0.000005288,174,0.000083651
Turnham Green,E05000365,176.953,0,E09000018,Hounslow,117115,204,1769512,0.000115286,29403.58034,403,0.016616773,13,0.000007346,211,0.000119241
Norwood Green,E05000186,379.609,0,E09000009,Ealing,116744,192,3796151,0.000050577,34913.00299,404,0.009196947,29,0.000007639,208,0.000054792
Southall Green,E05000190,158.616,0,E09000009,Ealing,51134,205,1586174,0.000129241,26611.04565,405,0.016776876,6,0.000003782,206,0.000129872
Northolt West End,E05000185,354.536,0,E09000009,Ealing,51089,208,3545383,0.000058667,32950.36076,405,0.009293879,28,0.000007897,217,0.000061206
Dormers Wells,E05000172,225.73,0,E09000009,Ealing,116745,281,2257270,0.000124486,30363.14438,547,0.013451268,15,0.000006645,281,0.000124486
Greenford Broadway,E05000177,251.669,0,E09000009,Ealing,116746,280,2516688,0.000111257,37334.83339,532,0.014834907,16,0.000006357,284,0.000112846
North Greenford,E05000183,325.737,0,E09000009,Ealing,71036,166,3257413,0.00005096,29239.8756,335,0.00897641,13,0.00000399,172,0.000052802
Northfield,E05000182,154.011,0,E09000009,Ealing,50524,141,1540106,0.000091552,23849.68671,283,0.015485743,4,0.000002597,145,0.000094149
East Acton,E05000175,427.588,0,E09000009,Ealing,116749,469,4275907,0.000109684,63568.21219,867,0.014866603,55,0.000012862,478,0.000111789
Southall Broadway,E05000189,161.725,0,E09000009,Ealing,51091,133,1617196,0.000082241,21852.5391,254,0.01351261,9,0.000005565,134,0.000082859
Elthorne,E05000176,199.963,0,E09000009,Ealing,51087,175,1999653,0.000087515,26920.66256,337,0.013462667,5,0.0000025,175,0.000087515
Walpole,E05000192,146.596,0,E09000009,Ealing,51112,169,1465968,0.000115282,24316.9805,331,0.016587661,5,0.00000341,169,0.000115282
Lady Margaret,E05000181,154.182,0,E09000009,Ealing,50955,475,1541810,0.000308079,37967.48139,915,0.024625266,1,0.000000648,475,0.000308079
Northolt Mandeville,E05000184,275.664,0,E09000009,Ealing,51013,211,2756665,0.000076541,35550.34044,424,0.012896141,19,0.000006892,217,0.000078718
Hobbayne,E05000180,220.937,0,E09000009,Ealing,51086,199,2209359,0.000090071,30898.32611,392,0.013985199,13,0.000005884,199,0.000090071
Cleveland,E05000171,222.856,0,E09000009,Ealing,50521,161,2228554,0.000072244,26939.35857,334,0.012088268,10,0.000004487,169,0.000075833
Greenford Green,E05000178,338.477,0,E09000009,Ealing,116747,274,3384776,0.00008095,45331.48119,557,0.013392756,17,0.000005022,291,0.000085973
Perivale,E05000187,336.775,0,E09000009,Ealing,51106,325,3367723,0.000096504,45356.07787,594,0.013467876,30,0.000008908,325,0.000096504
Ealing Common,E05000174,214.106,0,E09000009,Ealing,51111,233,2141052,0.000108825,31680.67475,434,0.014796779,21,0.000009808,233,0.000108825
Ealing Broadway,E05000173,185.676,0,E09000009,Ealing,51110,198,1856766,0.000106637,28472.76844,399,0.015334602,12,0.000006462,202,0.000108791
South Acton,E05000188,171.92,0,E09000009,Ealing,51062,170,1719219,0.000098882,24652.32419,317,0.014339257,7,0.000004071,171,0.000099463
Southfield,E05000191,142.869,0,E09000009,Ealing,116748,229,1428683,0.000160287,29636.22038,412,0.020743734,8,0.000005599,229,0.000160287
Acton Central,E05000170,177.463,0,E09000009,Ealing,51060,147,1774621,0.000082834,25417.06138,292,0.014322529,6,0.000003381,147,0.000082834
Hanger Hill,E05000179,327.724,0,E09000009,Ealing,50522,319,3277213,0.000097338,49222.05122,602,0.015019484,38,0.000011595,332,0.000101305
Upminster,E05000323,2253.736,0,E09000016,Havering,116694,244,22537302,0.000010826,76189.95851,448,0.003380615,7,0.00000031,244,0.000010826
Rainham and Wennington,E05000318,1688.01,154.284,E09000016,Havering,50925,271,16880092,0.000016054,74072.18283,572,0.004388138,23,0.000001362,294,0.000017417
South Hornchurch,E05000321,687.318,56.479,E09000016,Havering,116695,276,6873151,0.000040156,57779.09031,572,0.008406492,45,0.000006547,302,0.000043939
Elm Park,E05000308,366.535,0,E09000016,Havering,116696,183,3665338,0.000049927,34689.9832,365,0.009464334,10,0.000002728,188,0.000051291
Brooklands,E05000306,420.264,0,E09000016,Havering,116702,201,4202621,0.000047827,38105.69629,417,0.009067126,27,0.000006424,208,0.000049492
Romford Town,E05000319,286.473,0,E09000016,Havering,116703,295,2864698,0.000102977,45078.27113,619,0.015735784,34,0.000011868,313,0.000109261
Mawneys,E05000316,304.261,0,E09000016,Havering,51287,200,3042646,0.000065732,34249.3103,405,0.011256423,3,0.000000986,200,0.000065732
Pettits,E05000317,395.457,0,E09000016,Havering,116708,200,3954584,0.000050574,38298.338,395,0.009684542,12,0.000003034,203,0.000051332
Hacton,E05000311,246.542,0,E09000016,Havering,116704,192,2465418,0.000077877,35975.26492,378,0.014591953,8,0.000003244,201,0.000081527
St. Andrew's,E05000320,267.712,0,E09000016,Havering,116705,178,2677112,0.000066489,34433.91115,355,0.012862334,2,0.000000747,179,0.000066863
Emerson Park,E05000309,464.243,0,E09000016,Havering,116706,198,4642411,0.00004265,40974.08638,386,0.008826036,6,0.000001292,199,0.000042865
Squirrel's Heath,E05000322,265.147,0,E09000016,Havering,116697,180,2651477,0.000067886,33739.97542,372,0.012724973,7,0.00000264,187,0.000070526
Harold Wood,E05000312,758.973,0,E09000016,Havering,116699,281,7589721,0.000037023,54945.39782,584,0.007239449,22,0.000002898,290,0.000038209
Cranham,E05000307,655.501,0,E09000016,Havering,116707,226,6555072,0.000034477,51504.90201,423,0.007857259,9,0.000001373,236,0.000036002
Havering Park,E05000313,978.33,0,E09000016,Havering,116698,209,9783262,0.000021363,42304.83807,413,0.004324205,3,0.000000306,213,0.000021771
Heaton,E05000314,341.564,0,E09000016,Havering,116700,178,3415652,0.000052113,32515.53109,362,0.009519567,5,0.000001463,189,0.000055333
Gooshays,E05000310,775.896,0,E09000016,Havering,116701,249,7758962,0.000032091,49704.52594,477,0.006406079,12,0.000001546,259,0.00003338
Hylands,E05000315,289.774,0,E09000016,Havering,50930,214,2897748,0.00007385,35212.46953,392,0.012151667,17,0.000005866,215,0.000074195
Heathrow Villages,E05000331,2352.117,0,E09000017,Hillingdon,116716,763,23521174,0.000032438,157016.043,1567,0.006675519,156,0.000006632,853,0.000036265
Harefield,E05000330,1522.704,0,E09000017,Hillingdon,51039,172,15227017,0.000011295,45566.16105,342,0.002992454,11,0.000000722,174,0.000011427
West Drayton,E05000342,349.07,0,E09000017,Hillingdon,116720,247,3490744,0.000070758,40732.51974,488,0.011668721,17,0.00000487,252,0.00007219
Yiewsley,E05000345,402.251,0,E09000017,Hillingdon,116722,241,4022507,0.000059912,40766.86702,482,0.010134691,16,0.000003977,253,0.000062896
Uxbridge South,E05000341,311.447,0,E09000017,Hillingdon,116718,241,3114474,0.00007738,40267.20832,492,0.012929055,31,0.000009953,252,0.000080912
Brunel,E05000326,327.691,0,E09000017,Hillingdon,51033,241,3276877,0.000073545,39771.22925,500,0.01213693,7,0.000002136,250,0.000076292
Uxbridge North,E05000340,464.118,0,E09000017,Hillingdon,51032,278,4641169,0.000059898,51172.44985,602,0.011025767,32,0.000006894,291,0.000062699
Hillingdon East,E05000332,359.812,0,E09000017,Hillingdon,116723,269,3598128,0.000074761,38681.26339,506,0.010750385,17,0.000004724,270,0.000075039
Ickenham,E05000333,620.442,0,E09000017,Hillingdon,51031,231,6204430,0.000037231,42918.89439,432,0.006917459,20,0.000003223,237,0.000038198
West Ruislip,E05000343,438.74,0,E09000017,Hillingdon,51023,233,4387401,0.000053106,38865.23589,465,0.008858373,9,0.000002051,235,0.000053562
Northwood,E05000335,739.794,0,E09000017,Hillingdon,51029,252,7397931,0.000034063,43520.26288,496,0.005882761,3,0.000000405,253,0.000034198
South Ruislip,E05000338,741.795,0,E09000017,Hillingdon,116719,325,7417907,0.000043812,54826.05478,610,0.007391041,13,0.000001752,337,0.00004543
Manor,E05000334,197.418,0,E09000017,Hillingdon,51022,244,1974144,0.000123597,36090.88783,428,0.01828179,5,0.000002532,252,0.00012765
Eastcote and East Ruislip,E05000329,406.341,0,E09000017,Hillingdon,116724,220,4063443,0.000054141,40183.68042,434,0.009889072,6,0.000001476,230,0.000056602
Northwood Hills,E05000336,332.91,0,E09000017,Hillingdon,51028,196,3329099,0.000058874,34555.14872,395,0.01037973,13,0.000003905,201,0.000060376
Pinkwell,E05000337,274.833,0,E09000017,Hillingdon,116721,243,2748307,0.000088418,38060.19494,483,0.013848596,23,0.000008368,252,0.000091692
Botwell,E05000325,436.277,0,E09000017,Hillingdon,116717,274,4362806,0.000062803,47000.95645,577,0.010773102,25,0.00000573,292,0.000066929
Charville,E05000328,297.433,0,E09000017,Hillingdon,51098,150,2974323,0.000050431,30202.41917,320,0.010154384,11,0.000003698,162,0.000054466
Townfield,E05000339,349.833,0,E09000017,Hillingdon,51092,225,3498308,0.000064316,41837.65459,474,0.011959397,39,0.000011148,236,0.000067461
Barnhill,E05000324,211.821,0,E09000017,Hillingdon,51097,189,2118237,0.000089225,28696.32183,377,0.013547266,29,0.00001369,192,0.000090641
Yeading,E05000344,232.126,0,E09000017,Hillingdon,51090,192,2321229,0.000082714,30890.31488,407,0.013307741,27,0.000011631,203,0.000087453
Cavendish,E05000327,201.145,0,E09000017,Hillingdon,51021,200,2011439,0.000099431,32390.38176,374,0.016103089,1,0.000000497,205,0.000101917
Roxeth,E05000302,157.492,0,E09000015,Harrow,51083,126,1574928,0.000080003,21029.38788,253,0.013352602,6,0.000003809,128,0.000081273
Harrow on the Hill,E05000289,357.209,0,E09000015,Harrow,50518,250,3572086,0.000069987,33785.76662,496,0.009458273,13,0.000003639,255,0.000071386
Pinner,E05000297,327.686,0,E09000015,Harrow,51019,177,3276849,0.000054015,31288.45343,350,0.009548335,3,0.000000915,180,0.00005493
Pinner South,E05000298,234.561,0,E09000015,Harrow,51020,153,2345614,0.000065228,27168.84344,288,0.011582828,8,0.00000341,154,0.000065654
Greenhill,E05000288,174.49,0,E09000015,Harrow,51077,186,1744879,0.000106597,26576.49725,378,0.01523114,33,0.000018912,191,0.000109463
Headstone North,E05000292,329.634,0,E09000015,Harrow,51027,168,3296331,0.000050965,29190.94883,312,0.008855587,22,0.000006674,169,0.000051269
Marlborough,E05000296,164.663,0,E09000015,Harrow,51078,153,1646604,0.000092918,24967.37941,319,0.015162953,10,0.000006073,160,0.000097169
Harrow Weald,E05000290,458.973,0,E09000015,Harrow,51015,186,4589702,0.000040525,35111.38622,395,0.007650036,16,0.000003486,199,0.000043357
Stanmore Park,E05000303,445.929,0,E09000015,Harrow,50516,272,4459264,0.000060996,41683.42702,560,0.009347602,6,0.000001345,283,0.000063463
Canons,E05000286,562.632,0,E09000015,Harrow,116972,256,5626371,0.0000455,45950.48701,530,0.008166984,8,0.000001421,264,0.000046921
Rayners Lane,E05000300,152.974,0,E09000015,Harrow,50957,221,1529736,0.000144469,31749.79448,424,0.02075508,17,0.000011113,226,0.000147737
Roxbourne,E05000301,150.576,0,E09000015,Harrow,51082,198,1505755,0.000131495,28163.00864,419,0.018703579,17,0.00001129,199,0.000132159
West Harrow,E05000305,151.462,0,E09000015,Harrow,51026,93,1514646,0.0000614,18726.38391,187,0.012363538,9,0.000005942,95,0.00006272
Hatch End,E05000291,327.866,0,E09000015,Harrow,51014,230,3278671,0.00007015,34459.15986,457,0.010510099,7,0.000002135,247,0.000075335
Headstone South,E05000293,146.764,0,E09000015,Harrow,51080,113,1467633,0.000076994,19642.45717,217,0.013383766,3,0.000002044,114,0.000077676
Kenton West,E05000295,176.456,0,E09000015,Harrow,50514,83,1764597,0.000047036,19751.04603,165,0.01119295,4,0.000002266,84,0.000047602
Wealdstone,E05000304,119.595,0,E09000015,Harrow,51079,130,1195976,0.000108697,19175.68387,267,0.016033502,1,0.000000836,130,0.000108697
Belmont,E05000285,177.704,0,E09000015,Harrow,116973,110,1777022,0.000061901,22923.39744,244,0.012899895,9,0.000005064,129,0.000072593
Kenton East,E05000294,127.926,0,E09000015,Harrow,50511,121,1279286,0.000094584,20447.41953,239,0.015983462,2,0.000001563,121,0.000094584
Queensbury,E05000299,161.364,0,E09000015,Harrow,116974,155,1613611,0.000096057,25528.3299,313,0.015820622,13,0.000008056,169,0.000104734
Edgware,E05000287,140.319,0,E09000015,Harrow,116975,137,1403186,0.000097635,22885.00672,266,0.016309318,0,0,137,0.000097635
Northwick Park,E05000096,267.991,0,E09000005,Brent,51109,184,2679938,0.000068658,30438.13268,367,0.011357775,28,0.000010448,194,0.000072389
Wembley Central,E05000104,160.424,0,E09000005,Brent,51105,142,1604224,0.000088516,20932.22453,282,0.013048193,8,0.000004986,142,0.000088516
Preston,E05000097,238.828,0,E09000005,Brent,51071,178,2388248,0.000074531,30427.10666,359,0.012740346,4,0.000001674,187,0.0000783
Stonebridge,E05000100,405.063,0,E09000005,Brent,116943,280,4050631,0.000069125,53058.56467,607,0.013098839,44,0.000010862,316,0.000078012
Welsh Harp,E05000103,231.897,0,E09000005,Brent,116949,266,2318944,0.000114707,34662.31395,526,0.014947456,11,0.000004743,273,0.000117726
Barnhill,E05000086,297.908,0,E09000005,Brent,116945,242,2979037,0.000081234,36735.83135,461,0.012331445,11,0.000003692,250,0.000083919
Fryent,E05000090,265.938,0,E09000005,Brent,116950,221,2659395,0.000083101,30740.22675,425,0.011559105,4,0.000001504,225,0.000084605
Sudbury,E05000101,212.48,0,E09000005,Brent,116944,157,2124778,0.00007389,26903.91719,345,0.012661989,13,0.000006118,163,0.000076713
Alperton,E05000085,205.853,0,E09000005,Brent,51069,229,2058549,0.000111243,32335.67102,434,0.015707991,10,0.000004857,233,0.000113186
Kensal Green,E05000092,112.008,0,E09000005,Brent,116951,116,1120049,0.000103566,18771.65517,227,0.016759673,3,0.000002678,116,0.000103566
Harlesden,E05000091,111.37,0,E09000005,Brent,116952,124,1113706,0.00011134,19520.50622,244,0.017527521,18,0.000016162,124,0.00011134
Willesden Green,E05000105,154.803,0,E09000005,Brent,50490,120,1548053,0.000077516,19993.92924,232,0.012915532,5,0.000003229,120,0.000077516
Queens Park,E05000098,148.562,0,E09000005,Brent,116947,114,1485633,0.000076735,20708.3514,225,0.013939076,4,0.000002692,114,0.000076735
Brondesbury Park,E05000087,172.942,0,E09000005,Brent,116953,138,1729413,0.000079795,22473.22308,250,0.012994711,1,0.000000578,138,0.000079795
Kilburn,E05000094,94.4,0,E09000005,Brent,50487,108,943995,0.000114407,17213.41586,222,0.018234647,11,0.000011652,108,0.000114407
Tokyngton,E05000102,275.917,0,E09000005,Brent,51104,242,2759199,0.000087706,37528.41967,488,0.0136012,11,0.000003986,247,0.000089518
Kenton,E05000093,224.315,0,E09000005,Brent,116946,178,2243129,0.000079353,28571.16308,359,0.012737191,3,0.000001337,192,0.000085594
Dudden Hill,E05000089,168.144,0,E09000005,Brent,116948,165,1681458,0.000098129,27751.74387,334,0.016504571,5,0.000002973,173,0.000102886
Dollis Hill,E05000088,229.956,0,E09000005,Brent,50548,164,2299551,0.000071318,29131.46354,312,0.012668326,3,0.000001304,164,0.000071318
Mapesbury,E05000095,139.347,0,E09000005,Brent,50489,129,1393466,0.000092574,20647.03134,240,0.014817032,4,0.00000287,129,0.000092574
Queensbury,E05000099,205.124,0,E09000005,Brent,50512,217,2051245,0.000105789,33854.21383,438,0.016504227,1,0.000000487,231,0.000112614
Underhill,E05000060,455.053,0,E09000003,Barnet,116789,238,4550549,0.000052301,41500.0515,470,0.00911979,17,0.000003735,242,0.00005318
High Barnet,E05000056,830.666,0,E09000003,Barnet,116787,339,8306624,0.00004081,55307.37434,669,0.006658225,17,0.000002046,343,0.000041292
West Hendon,E05000062,342.865,0,E09000003,Barnet,51065,250,3428659,0.000072914,44861.53439,516,0.01308428,19,0.000005541,268,0.000078164
Golders Green,E05000053,297.292,0,E09000003,Barnet,116790,252,2972918,0.000084765,43365.43408,488,0.014586824,23,0.000007736,265,0.000089138
Colindale,E05000046,263.627,0,E09000003,Barnet,51066,202,2636245,0.000076624,33180.72715,409,0.012586359,4,0.000001517,209,0.000079279
Childs Hill,E05000045,309.301,0,E09000003,Barnet,50578,231,3093001,0.000074684,40006.58284,446,0.012934552,10,0.000003233,234,0.000075654
Garden Suburb,E05000052,472.705,0,E09000003,Barnet,119325,359,4727041,0.000075946,56530.23943,683,0.011958906,17,0.000003596,361,0.000076369
Finchley Church End,E05000051,272.564,0,E09000003,Barnet,116791,270,2725662,0.000099058,40298.82503,502,0.014784967,19,0.00000697,271,0.000099425
East Finchley,E05000049,250.989,0,E09000003,Barnet,50492,294,2509887,0.000117136,41583.18611,540,0.016567752,11,0.000004382,294,0.000117136
Edgware,E05000050,555.652,0,E09000003,Barnet,50509,253,5556466,0.000045532,51833.16222,495,0.00932844,15,0.000002699,261,0.000046972
Mill Hill,E05000057,938.921,0,E09000003,Barnet,116788,406,9389235,0.000043241,78116.61906,775,0.008319806,29,0.000003088,422,0.000044945
Hale,E05000054,542.315,0,E09000003,Barnet,116792,243,5423194,0.000044807,45103.7365,484,0.008316821,13,0.000002397,248,0.000045729
Totteridge,E05000059,877.446,0,E09000003,Barnet,123573,259,8774457,0.000029517,46628.66611,528,0.005314136,11,0.000001253,263,0.000029973
Oakleigh,E05000058,331.861,0,E09000003,Barnet,50501,289,3318593,0.000087085,43684.32503,557,0.013163507,13,0.000003917,290,0.000087386
Woodhouse,E05000063,262.117,0,E09000003,Barnet,116794,275,2621158,0.000104915,39120.6429,532,0.014924946,6,0.000002289,275,0.000104915
Coppetts,E05000047,272.058,0,E09000003,Barnet,116795,219,2720603,0.000080496,36561.73919,442,0.013438836,12,0.00000441,224,0.000082334
Brunswick Park,E05000043,317.526,0,E09000003,Barnet,50500,298,3175249,0.00009385,48277.94692,551,0.01520446,6,0.000001889,303,0.000095425
East Barnet,E05000048,374.943,0,E09000003,Barnet,50507,275,3749403,0.000073345,44640.39864,521,0.011906001,14,0.000003733,279,0.000074411
Burnt Oak,E05000044,206.719,0,E09000003,Barnet,51073,193,2067227,0.000093361,30571.03968,374,0.014788429,2,0.000000967,195,0.000094329
Hendon,E05000055,283.871,0,E09000003,Barnet,50547,278,2838694,0.000097932,41205.28265,536,0.014515577,29,0.000010216,280,0.000098636
West Finchley,E05000061,216.344,0,E09000003,Barnet,116793,251,2163448,0.000116018,34438.95323,491,0.015918549,12,0.000005546,251,0.000116018
Streatham South,E05000431,169.809,0,E09000022,Lambeth,50786,152,1698068,0.000089513,25499.09866,291,0.015016535,16,0.000009422,153,0.000090102
St. Leonard's,E05000428,144.773,0,E09000022,Lambeth,51191,148,1447728,0.000102229,22242.70326,280,0.015363868,9,0.000006216,148,0.000102229
Streatham Wells,E05000432,144.978,0,E09000022,Lambeth,51190,145,1449790,0.000100014,22854.24251,294,0.015763829,3,0.000002069,145,0.000100014
Knight's Hill,E05000424,147.166,0,E09000022,Lambeth,117361,215,1471654,0.000146094,27741.21825,421,0.018850367,9,0.000006115,223,0.00015153
Thornton,E05000433,107.759,0,E09000022,Lambeth,117357,141,1077579,0.000130848,20032.6215,288,0.018590397,3,0.000002784,146,0.000135488
Streatham Hill,E05000430,127.063,0,E09000022,Lambeth,117358,137,1270630,0.00010782,21942.6649,263,0.017269122,11,0.000008657,138,0.000108607
Clapham Common,E05000418,133.854,0,E09000022,Lambeth,51276,143,1338555,0.000106831,19796.60416,283,0.014789533,13,0.000009712,143,0.000106831
Brixton Hill,E05000417,113.124,0,E09000022,Lambeth,117363,168,1131232,0.00014851,21606.41607,325,0.019099898,8,0.000007071,168,0.00014851
Tulse Hill,E05000435,103.195,0,E09000022,Lambeth,117359,134,1031948,0.000129851,19947.96971,275,0.019330402,11,0.000010659,134,0.000129851
Coldharbour,E05000420,120.806,0,E09000022,Lambeth,117364,164,1208061,0.000135754,22605.0705,305,0.018711861,6,0.000004966,164,0.000135754
Ferndale,E05000421,85.073,0,E09000022,Lambeth,50790,100,850733,0.000117545,16110.48644,229,0.018937182,9,0.000010579,100,0.000117545
Larkhall,E05000425,106.124,0,E09000022,Lambeth,50793,130,1061257,0.000122496,18558.8881,246,0.017487647,5,0.000004711,130,0.000122496
Oval,E05000426,127.764,3.586,E09000022,Lambeth,117366,149,1277647,0.00011662,20258.45818,298,0.015856068,20,0.000015653,149,0.00011662
Vassall,E05000436,112.973,0,E09000022,Lambeth,51224,145,1129711,0.000128351,20664.12012,287,0.01829151,0,0,149,0.000131892
Gipsy Hill,E05000422,157.067,0,E09000022,Lambeth,51228,177,1570645,0.000112692,25416.29867,342,0.016182077,12,0.00000764,177,0.000112692
Thurlow Park,E05000434,151.482,0,E09000022,Lambeth,117362,178,1514819,0.000117505,25033.23626,337,0.016525562,1,0.00000066,178,0.000117505
Herne Hill,E05000423,203.038,0,E09000022,Lambeth,117360,171,2030393,0.00008422,25688.54707,341,0.012652007,14,0.000006895,172,0.000084712
Bishop's,E05000416,153.959,30.258,E09000022,Lambeth,51177,173,1539607,0.000112366,22473.35801,341,0.014596814,21,0.000013639,184,0.000119511
Clapham Town,E05000419,111.893,0,E09000022,Lambeth,50816,168,1118927,0.000150143,21345.7727,338,0.019077002,9,0.000008043,168,0.000150143
Stockwell,E05000429,86.678,0,E09000022,Lambeth,117365,122,866762,0.000140753,15922.64647,241,0.018370263,4,0.000004614,126,0.000145368
Prince's,E05000427,116.363,10.083,E09000022,Lambeth,51181,160,1163595,0.000137504,20593.51212,322,0.017698178,12,0.000010312,160,0.000137504
College,E05000538,323.324,0,E09000028,Southwark,51229,196,3233254,0.00006062,34393.68263,405,0.010637482,29,0.000008969,201,0.000062166
Riverside,E05000548,132.822,28.574,E09000028,Southwark,51236,165,1328199,0.000124228,19880.71907,331,0.014968178,11,0.000008281,165,0.000124228
Village,E05000554,278.745,0,E09000028,Southwark,117345,166,2787415,0.000059553,30697.28574,332,0.011012815,28,0.000010045,167,0.000059912
South Camberwell,E05000551,133.149,0,E09000028,Southwark,117350,160,1331489,0.000120166,20489.58678,305,0.015388476,7,0.000005257,160,0.000120166
East Dulwich,E05000539,102.069,0,E09000028,Southwark,51269,104,1020691,0.000101891,19052.9384,215,0.018666705,0,0,105,0.000102871
Peckham Rye,E05000547,225.242,0,E09000028,Southwark,117346,148,2252415,0.000065707,26107.95451,315,0.011591094,11,0.000004883,148,0.000065707
Camberwell Green,E05000535,97.461,0,E09000028,Southwark,117353,128,974639,0.00013133,18409.03456,264,0.018888054,6,0.000006156,128,0.00013133
Brunswick Park,E05000534,93.441,0,E09000028,Southwark,51222,120,934391,0.000128425,16560.66303,233,0.017723483,5,0.000005351,120,0.000128425
The Lane,E05000553,138.888,0,E09000028,Southwark,117351,179,1388895,0.000128879,25339.0147,354,0.01824401,2,0.00000144,179,0.000128879
Nunhead,E05000545,132.84,0,E09000028,Southwark,117352,111,1328405,0.000083558,20203.91119,232,0.01520915,2,0.000001505,111,0.000083558
Peckham,E05000546,86.966,0,E09000028,Southwark,51170,123,869658,0.000141434,17451.52104,256,0.020067108,3,0.000003449,123,0.000141434
Newington,E05000544,83.358,0,E09000028,Southwark,51180,121,833605,0.000145152,15970.51232,239,0.019158369,5,0.000005998,121,0.000145152
Faraday,E05000541,87.815,0,E09000028,Southwark,51169,113,878155,0.000128678,14759.9626,234,0.016807924,5,0.000005693,113,0.000128678
East Walworth,E05000540,114.662,0,E09000028,Southwark,117348,130,1146618,0.000113376,18945.08138,277,0.016522574,25,0.000021803,134,0.000116865
Livesey,E05000543,143.832,0,E09000028,Southwark,117347,190,1438307,0.000132099,25501.56078,388,0.017730262,12,0.000008343,195,0.000135576
South Bermondsey,E05000550,97.363,0,E09000028,Southwark,51172,143,973619,0.000146874,19194.84199,294,0.019714941,10,0.000010271,144,0.000147901
Cathedrals,E05000536,176.822,18.584,E09000028,Southwark,117349,281,1768245,0.000158914,33711.31975,534,0.019064846,14,0.000007917,281,0.000158914
Grange,E05000542,121.453,0,E09000028,Southwark,117354,161,1214554,0.000132558,21965.86803,340,0.018085542,10,0.000008233,163,0.000134205
Rotherhithe,E05000549,149.05,12.968,E09000028,Southwark,117355,139,1490519,0.000093256,20652.67854,320,0.013856031,22,0.00001476,150,0.000100636
Surrey Docks,E05000552,190.062,45.013,E09000028,Southwark,50733,132,1900620,0.000069451,21301.86826,278,0.011207852,12,0.000006313,132,0.000069451
Chaucer,E05000537,81.977,0,E09000028,Southwark,50814,151,819748,0.000184203,18067.09069,310,0.02203981,21,0.000025617,155,0.000189082
Bellingham,E05000437,308.471,0,E09000023,Lewisham,117089,237,3084706,0.00007683,34705.96205,445,0.011250978,28,0.000009077,237,0.00007683
Telegraph Hill,E05000453,154.631,0,E09000023,Lewisham,117094,142,1546326,0.00009183,24111.37712,276,0.015592686,8,0.000005173,144,0.000093124
Downham,E05000442,238.178,0,E09000023,Lewisham,117085,190,2381812,0.000079771,31846.62363,370,0.013370754,12,0.000005038,190,0.000079771
Whitefoot,E05000454,223.004,0,E09000023,Lewisham,117086,250,2230033,0.000112106,38825.58146,459,0.017410317,6,0.00000269,250,0.000112106
Blackheath,E05000438,231.823,0,E09000023,Lewisham,117096,248,2318191,0.00010698,35788.0397,498,0.015437916,13,0.000005607,250,0.000107842
Sydenham,E05000452,174.372,0,E09000023,Lewisham,117087,187,1743705,0.000107242,28292.15965,370,0.016225313,9,0.000005161,188,0.000107816
Forest Hill,E05000444,182.785,0,E09000023,Lewisham,51164,197,1827837,0.000107777,29504.22805,409,0.016141607,7,0.000003829,204,0.000111607
Perry Vale,E05000450,168.45,0,E09000023,Lewisham,117088,193,1684478,0.000114575,28946.29563,364,0.017184134,6,0.000003561,193,0.000114575
Rushey Green,E05000451,178.524,0,E09000023,Lewisham,117090,176,1785237,0.000098586,24852.3942,338,0.013921061,11,0.000006161,176,0.000098586
Catford South,E05000440,186.655,0,E09000023,Lewisham,117091,115,1866543,0.000061611,27121.94541,231,0.014530576,3,0.000001607,115,0.000061611
Crofton Park,E05000441,171.962,0,E09000023,Lewisham,117100,157,1719629,0.000091298,25582.10444,307,0.014876525,14,0.000008141,158,0.00009188
Ladywell,E05000446,160.598,0,E09000023,Lewisham,117092,133,1605990,0.000082815,23575.91339,241,0.014679987,4,0.00000249,133,0.000082815
Lewisham Central,E05000448,206.203,0,E09000023,Lewisham,117093,221,2062021,0.000107176,32609.6045,429,0.01581439,16,0.000007759,221,0.000107176
Brockley,E05000439,168.183,0,E09000023,Lewisham,117095,189,1681822,0.000112378,28078.12007,353,0.01669506,7,0.000004162,189,0.000112378
New Cross,E05000449,181.114,1.407,E09000023,Lewisham,117097,176,1811127,0.000097177,28014.80224,390,0.01546816,18,0.000009938,180,0.000099385
Grove Park,E05000445,239.291,0,E09000023,Lewisham,117098,231,2392917,0.000096534,34166.16322,416,0.014278039,7,0.000002925,231,0.000096534
Lee Green,E05000447,179.842,0,E09000023,Lewisham,117099,167,1798441,0.000092858,27417.86771,323,0.015245352,10,0.00000556,167,0.000092858
Evelyn,E05000443,177.62,15.388,E09000023,Lewisham,117101,177,1776214,0.00009965,25417.30186,366,0.014309819,16,0.000009007,183,0.000103028
Middle Park and Sutcliffe,E05000224,329.143,0,E09000011,Greenwich,117371,206,3291449,0.000062586,35657.97365,407,0.010833518,14,0.000004253,215,0.00006532
Coldharbour and New Eltham,E05000217,254.935,0,E09000011,Greenwich,117370,198,2549308,0.000077668,34158.76773,352,0.013399231,16,0.000006276,204,0.000080021
Eltham South,E05000219,462.641,0,E09000011,Greenwich,117367,208,4626432,0.000044959,38753.68714,420,0.008376582,8,0.000001729,212,0.000045823
Shooters Hill,E05000227,377.072,0,E09000011,Greenwich,117368,208,3770700,0.000055162,34095.191,421,0.009042138,4,0.00000106,225,0.00005967
Peninsula,E05000225,449.194,107.254,E09000011,Greenwich,117376,316,4491920,0.000070348,52209.97031,614,0.011623085,57,0.000012689,333,0.000074133
Woolwich Riverside,E05000230,326.109,72.317,E09000011,Greenwich,117378,231,3261078,0.000070835,39044.07862,492,0.011972752,28,0.000008586,249,0.000076355
Greenwich West,E05000222,279.234,26.431,E09000011,Greenwich,117369,232,2792372,0.000083083,33705.7295,463,0.012070644,31,0.000011101,234,0.000083799
Eltham West,E05000220,242.564,0,E09000011,Greenwich,117382,206,2425645,0.000084925,35619.56427,415,0.014684574,15,0.000006183,215,0.000088636
Blackheath Westcombe,E05000215,213.815,0,E09000011,Greenwich,117373,195,2138138,0.0000912,32834.63419,401,0.015356648,8,0.000003741,200,0.000093539
Kidbrooke with Hornfair,E05000223,237.454,0,E09000011,Greenwich,117374,163,2374532,0.000068645,30364.46257,328,0.012787556,9,0.00000379,166,0.000069908
Eltham North,E05000218,255.512,0,E09000011,Greenwich,117372,169,2555149,0.000066141,33837.63436,340,0.01324292,5,0.000001956,174,0.000068097
Charlton,E05000216,203.12,0,E09000011,Greenwich,117377,161,2031219,0.000079262,27153.55308,300,0.013368107,1,0.000000492,161,0.000079262
Woolwich Common,E05000229,262.035,0,E09000011,Greenwich,117375,222,2620380,0.00008472,34995.57154,449,0.013355151,11,0.000004197,224,0.000085483
Plumstead,E05000226,234.189,0,E09000011,Greenwich,117380,209,2341892,0.000089244,34098.83287,420,0.014560378,9,0.000003843,210,0.000089671
Glyndon,E05000221,170.196,15.42,E09000011,Greenwich,117379,142,1701960,0.000083433,24920.74249,314,0.014642378,18,0.000010576,149,0.000087546
Thamesmead Moorings,E05000228,481.256,89.362,E09000011,Greenwich,50872,213,4812550,0.000044259,42415.68166,485,0.008813556,58,0.000012051,249,0.000051739
Abbey Wood,E05000214,265.721,0,E09000011,Greenwich,117381,256,2657218,0.000096341,36757.23904,486,0.013832978,1,0.000000376,264,0.000099352
Longlands,E05000078,259.723,0,E09000004,Bexley,117119,176,2597239,0.000067764,33156.67709,340,0.012766124,7,0.000002695,180,0.000069304
Blackfen and Lamorbey,E05000066,168.558,0,E09000004,Bexley,117121,205,1685582,0.000121619,31131.62321,386,0.018469361,1,0.000000593,205,0.000121619
Cray Meadows,E05000072,719.031,0,E09000004,Bexley,117118,199,7190297,0.000027676,44717.96837,404,0.00621921,22,0.000003059,209,0.000029066
Sidcup,E05000083,270.347,0,E09000004,Bexley,117120,203,2703462,0.000075088,31797.65003,398,0.011761826,8,0.000002959,206,0.000076198
St. Mary's,E05000081,442.853,0,E09000004,Bexley,50888,226,4428495,0.000051033,40387.70871,433,0.009119962,20,0.000004516,236,0.000053291
Crayford,E05000071,397.229,0.451,E09000004,Bexley,117126,208,3972244,0.000052363,39522.34474,458,0.009949626,16,0.000004027,230,0.000057901
North End,E05000079,568.001,122.841,E09000004,Bexley,50918,178,5680089,0.000031337,33278.53287,358,0.005858804,17,0.000002992,181,0.000031865
Erith,E05000075,475.333,131.166,E09000004,Bexley,117129,208,4753344,0.000043758,37302.43808,446,0.00784762,16,0.000003366,220,0.000046283
Belvedere,E05000065,317.549,30.441,E09000004,Bexley,117130,209,3175481,0.000065816,36210.96257,451,0.0114033,17,0.000005353,224,0.00007054
Thamesmead East,E05000084,483.369,85.721,E09000004,Bexley,50862,176,4833681,0.000036411,35822.36026,391,0.007410989,18,0.000003723,191,0.000039514
Falconwood and Welling,E05000076,167.026,0,E09000004,Bexley,117122,187,1670255,0.000111959,31481.61153,338,0.018848386,10,0.000005987,188,0.000112557
East Wickham,E05000074,217.313,0,E09000004,Bexley,50877,163,2173117,0.000075007,27847.80091,315,0.01281468,6,0.000002761,164,0.000075467
Blendon and Penhill,E05000067,209.79,0,E09000004,Bexley,50890,217,2097934,0.000103435,36228.18623,415,0.017268506,17,0.000008103,225,0.000107248
Danson Park,E05000073,271.324,0,E09000004,Bexley,117123,189,2713248,0.000069658,31889.97286,387,0.01175343,14,0.000005159,195,0.000071869
Christchurch,E05000069,255.207,0,E09000004,Bexley,117124,231,2552070,0.000090514,36516.68227,458,0.014308652,18,0.000007053,238,0.000093257
St. Michael's,E05000082,144.814,0,E09000004,Bexley,50864,110,1448148,0.000075959,21104.01179,200,0.014573104,5,0.000003452,111,0.000076649
Brampton,E05000068,196.746,0,E09000004,Bexley,50883,153,1967481,0.000077764,27913.54836,276,0.014187455,7,0.000003557,156,0.000079289
Northumberland Heath,E05000080,175.282,0,E09000004,Bexley,117127,182,1752806,0.000103833,29303.04479,336,0.016717791,2,0.000001141,183,0.000104404
Barnehurst,E05000064,287.74,0,E09000004,Bexley,117125,179,2877359,0.000062209,32408.46178,345,0.011263266,15,0.000005213,181,0.000062904
Colyers,E05000070,164.393,0,E09000004,Bexley,117128,143,1643926,0.000086986,25059.79079,272,0.015243867,9,0.000005474,145,0.000088203
Lesnes Abbey,E05000077,237.019,0,E09000004,Bexley,117117,171,2370200,0.000072145,28470.30727,347,0.012011774,7,0.000002953,180,0.000075943
Chase,E05000195,1693.541,0,E09000010,Enfield,117071,230,16935433,0.000013581,63726.75956,463,0.003762924,13,0.000000767,231,0.00001364
Winchmore Hill,E05000213,276.07,0,E09000010,Enfield,117075,169,2760676,0.000061216,29779.54428,338,0.010787047,1,0.000000362,173,0.000062665
Cockfosters,E05000196,1041.279,0,E09000010,Enfield,117065,283,10412778,0.000027178,57027.57752,531,0.005476692,24,0.000002304,291,0.000027946
Highlands,E05000202,508.803,0,E09000010,Enfield,117068,244,5088027,0.000047955,39569.01039,451,0.007776886,16,0.000003144,244,0.000047955
Upper Edmonton,E05000212,264.24,0,E09000010,Enfield,117069,241,2642413,0.000091204,42052.96346,503,0.015914606,35,0.000013245,253,0.000095745
Palmers Green,E05000205,194.212,0,E09000010,Enfield,117074,232,1942128,0.000119456,35538.94897,432,0.018298973,14,0.000007208,234,0.000120486
Edmonton Green,E05000197,312.642,0,E09000010,Enfield,117076,245,3126447,0.000078363,41629.27156,505,0.013315201,26,0.000008316,260,0.000083161
Lower Edmonton,E05000204,218.248,0,E09000010,Enfield,117077,163,2182469,0.000074686,27475.91682,315,0.012589373,6,0.000002749,163,0.000074686
Grange,E05000200,328.516,0,E09000010,Enfield,117067,207,3285151,0.00006301,38459.91975,436,0.0117072,5,0.000001522,209,0.000063619
Jubilee,E05000203,392.833,0,E09000010,Enfield,117078,250,3928319,0.00006364,37859.21025,469,0.009637509,15,0.000003818,250,0.00006364
Ponders End,E05000206,354.296,0,E09000010,Enfield,117081,180,3542953,0.000050805,33044.9926,350,0.009326963,16,0.000004516,186,0.000052498
Enfield Highway,E05000198,463.653,0,E09000010,Enfield,117082,246,4636587,0.000053056,40584.2112,486,0.008753035,31,0.000006686,252,0.00005435
Bowes,E05000193,148.337,0,E09000010,Enfield,117073,128,1483365,0.00008629,23248.11807,268,0.015672554,7,0.000004719,130,0.000087638
Southgate Green,E05000209,261.351,0,E09000010,Enfield,117072,206,2613527,0.00007882,35437.9057,420,0.013559418,9,0.000003443,221,0.00008456
Southgate,E05000208,268.727,0,E09000010,Enfield,117066,231,2687232,0.000085962,34359.34352,459,0.012786147,16,0.000005954,237,0.000088194
Haselbury,E05000201,179.602,0,E09000010,Enfield,117084,185,1796007,0.000103006,29118.97471,369,0.016213174,17,0.000009465,187,0.000104119
Bush Hill Park,E05000194,252.449,0,E09000010,Enfield,117070,245,2524492,0.000097049,36899.4873,485,0.014616599,6,0.000002376,245,0.000097049
Town,E05000210,223.14,0,E09000010,Enfield,117080,212,2231376,0.000095008,33361.65208,430,0.014951156,19,0.000008514,215,0.000096353
Southbury,E05000207,286.704,0,E09000010,Enfield,117079,226,2867066,0.000078826,34782.14748,454,0.012131617,42,0.000014649,235,0.000081965
Turkey Street,E05000211,226.15,0,E09000010,Enfield,117083,211,2261496,0.000093301,34689.63244,414,0.015339241,22,0.000009728,212,0.000093743
Enfield Lock,E05000199,325.231,0,E09000010,Enfield,50605,189,3252247,0.000058113,36533.25092,411,0.011233233,46,0.000014144,206,0.00006334
Leyton,E05000604,203.218,0,E09000031,Waltham Forest,50808,154,2032190,0.00007578,25911.91223,336,0.012750733,11,0.000005412,163,0.000080209
High Street,E05000599,305.893,0,E09000031,Waltham Forest,50677,146,3058901,0.000047729,24098.03265,276,0.007878003,8,0.000002615,146,0.000047729
Higham Hill,E05000600,322.124,0,E09000031,Waltham Forest,50613,153,3221231,0.000047497,25682.17721,296,0.007972783,15,0.000004656,154,0.000047807
Valley,E05000607,198.482,0,E09000031,Waltham Forest,50612,175,1984829,0.000088168,31942.19736,351,0.016093173,19,0.000009572,180,0.000090687
Chingford Green,E05000593,372.664,0,E09000031,Waltham Forest,50614,176,3726627,0.000047227,31860.75278,346,0.008549488,0,0,176,0.000047227
Cathall,E05000591,105.712,0,E09000031,Waltham Forest,50807,89,1057121,0.00008419,16471.83169,179,0.015581784,5,0.000004729,90,0.000085136
Lea Bridge,E05000603,264.686,0,E09000031,Waltham Forest,50683,147,2646855,0.000055537,26545.82332,291,0.010029194,27,0.0000102,147,0.000055537
Markhouse,E05000606,145.704,0,E09000031,Waltham Forest,50692,130,1457079,0.000089219,20085.22876,252,0.013784584,5,0.000003431,131,0.000089905
Grove Green,E05000596,89.582,0,E09000031,Waltham Forest,50685,114,895820,0.000127257,17858.94384,207,0.019935861,3,0.000003348,114,0.000127257
Forest,E05000595,198.605,0,E09000031,Waltham Forest,51314,130,1986028,0.000065457,24578.97002,270,0.012375943,3,0.00000151,139,0.000069988
William Morris,E05000608,99.919,0,E09000031,Waltham Forest,50690,90,999176,0.000090074,16380.49059,188,0.016393999,8,0.000008006,90,0.000090074
Hoe Street,E05000601,110.006,0,E09000031,Waltham Forest,50686,122,1100069,0.000110902,19165.43364,248,0.017422028,10,0.00000909,122,0.000110902
Wood Street,E05000609,185.011,0,E09000031,Waltham Forest,50688,144,1850130,0.000077832,23418.12041,288,0.012657554,9,0.000004864,146,0.000078913
Chapel End,E05000592,185.015,0,E09000031,Waltham Forest,50689,84,1850149,0.000045401,21680.23553,198,0.011718102,22,0.00001189,94,0.000050806
Hale End and Highams Park,E05000597,234.689,0,E09000031,Waltham Forest,50603,146,2346903,0.000062209,27505.75913,300,0.011720023,8,0.000003408,153,0.000065192
Cann Hall,E05000590,85.788,0,E09000031,Waltham Forest,51317,115,857895,0.000134049,17035.97715,219,0.019857881,0,0,115,0.000134049
Larkswood,E05000602,206.57,0,E09000031,Waltham Forest,50601,204,2065717,0.000098755,28863.65083,416,0.013972703,8,0.000003872,208,0.000100691
Endlebury,E05000594,194.912,0,E09000031,Waltham Forest,50602,153,1949101,0.000078497,26938.29722,288,0.013820883,1,0.000000513,154,0.00007901
Hatch Lane,E05000598,241.621,0,E09000031,Waltham Forest,51311,168,2416243,0.000069529,30482.80462,317,0.012615786,4,0.000001655,172,0.000071184
Leytonstone,E05000605,130.591,0,E09000031,Waltham Forest,51313,125,1305900,0.000095719,23153.8141,244,0.017730158,20,0.000015315,131,0.000100314
Wanstead,E05000515,519.133,0,E09000026,Redbridge,116755,163,5191341,0.000031398,34309.05914,318,0.006608901,17,0.000003274,163,0.000031398
Cranbrook,E05000502,240.079,0,E09000026,Redbridge,51304,175,2400781,0.000072892,29621.81049,321,0.012338405,16,0.000006664,181,0.000075392
Newbury,E05000510,212.023,0,E09000026,Redbridge,51302,186,2120205,0.000087727,29574.85656,343,0.013949055,8,0.000003773,186,0.000087727
Roding,E05000511,236.297,0,E09000026,Redbridge,51306,160,2362940,0.000067712,34796.98934,326,0.014726141,12,0.000005078,165,0.000069828
Fairlop,E05000503,359.569,0,E09000026,Redbridge,51300,227,3595681,0.000063131,35829.14207,468,0.009964494,3,0.000000834,236,0.000065634
Goodmayes,E05000505,164.034,0,E09000026,Redbridge,51293,129,1640394,0.000078639,20566.80884,246,0.012537725,3,0.000001828,129,0.000078639
Aldborough,E05000495,859.974,0,E09000026,Redbridge,51299,246,8599743,0.000028605,44461.28641,485,0.005170071,20,0.000002325,247,0.000028721
Bridge,E05000497,257.86,0,E09000026,Redbridge,50604,193,2578580,0.000074847,31680.68103,381,0.012286095,10,0.000003878,193,0.000074847
Hainault,E05000506,565.287,0,E09000026,Redbridge,51288,186,5652895,0.000032903,36268.0575,378,0.006415837,8,0.000001415,188,0.000033257
Loxford,E05000507,128.823,2.3,E09000026,Redbridge,51354,134,1288241,0.000104017,21271.38218,271,0.016511958,17,0.000013196,136,0.00010557
Clementswood,E05000501,127.215,0,E09000026,Redbridge,51303,128,1272163,0.000100616,22617.96647,272,0.017779141,16,0.000012577,134,0.000105332
Mayfield,E05000508,188.217,0,E09000026,Redbridge,51292,136,1882150,0.000072257,25737.85263,260,0.013674708,3,0.000001593,136,0.000072257
Valentines,E05000514,150.328,0,E09000026,Redbridge,51307,103,1503243,0.000068518,21733.62649,207,0.014457826,5,0.000003326,104,0.000069183
Seven Kings,E05000512,208.338,0,E09000026,Redbridge,51291,128,2083353,0.000061439,26467.36319,239,0.012704214,1,0.00000048,128,0.000061439
Snaresbrook,E05000513,198.516,0,E09000026,Redbridge,116756,206,1985164,0.000103769,29570.36509,391,0.014895678,4,0.000002014,206,0.000103769
Clayhall,E05000500,249.389,0,E09000026,Redbridge,51305,215,2493907,0.00008621,34886.81867,402,0.013988821,15,0.000006014,222,0.000089017
Church End,E05000499,148.496,0,E09000026,Redbridge,51312,169,1484961,0.000113807,26367.98772,325,0.017756687,5,0.000003367,169,0.000113807
Barkingside,E05000496,152.92,0,E09000026,Redbridge,51308,153,1529230,0.00010005,26729.52975,298,0.017479077,24,0.000015694,161,0.000105281
Fullwell,E05000504,218.787,0,E09000026,Redbridge,51309,178,2187884,0.000081357,30508.21716,348,0.013944165,4,0.000001828,184,0.000084099
Chadwell,E05000498,151.263,0,E09000026,Redbridge,51290,170,1512625,0.000112387,24712.13818,316,0.016337253,4,0.000002644,170,0.000112387
Monkhams,E05000509,307.676,0,E09000026,Redbridge,51310,227,3076734,0.000073779,35609.18188,429,0.011573695,3,0.000000975,228,0.000074104
Carshalton South and Clockhouse,E05000559,705.342,0,E09000029,Sutton,116887,195,7053358,0.000027646,42098.69998,363,0.005968603,25,0.000003544,197,0.00002793
Cheam,E05000560,393.038,0,E09000029,Sutton,116888,191,3930394,0.000048595,39999.23024,366,0.0101769,23,0.000005851,191,0.000048595
Beddington South,E05000556,306.104,0,E09000029,Sutton,116898,172,3061068,0.000056189,30094.70445,335,0.009831439,6,0.00000196,172,0.000056189
St. Helier,E05000562,149.667,0,E09000029,Sutton,116894,134,1496691,0.00008953,23262.97118,259,0.015542935,31,0.000020712,141,0.000094207
Wandle Valley,E05000571,205.369,0,E09000029,Sutton,116897,153,2053690,0.0000745,24448.16535,302,0.011904506,16,0.00000779,157,0.000076447
Belmont,E05000557,233.332,0,E09000029,Sutton,116890,162,2333283,0.00006943,29815.38952,322,0.012778299,16,0.000006857,163,0.000069858
Nonsuch,E05000561,190.702,0,E09000029,Sutton,116889,229,1907036,0.000120081,29988.21448,443,0.015725038,4,0.000002097,229,0.000120081
Worcester Park,E05000572,195.703,0,E09000029,Sutton,50827,168,1957024,0.000085844,27082.48502,325,0.013838606,3,0.000001532,168,0.000085844
Sutton South,E05000566,127.159,0,E09000029,Sutton,116900,133,1271603,0.000104592,18826.09977,255,0.014805013,7,0.000005504,133,0.000104592
Sutton West,E05000567,178.215,0,E09000029,Sutton,116892,158,1782158,0.000088656,24085.86166,323,0.013514997,17,0.000009539,158,0.000088656
Sutton Central,E05000564,131.048,0,E09000029,Sutton,116901,194,1310450,0.00014804,24183.57017,372,0.018454401,45,0.000034339,195,0.000148803
Carshalton Central,E05000558,202.382,0,E09000029,Sutton,116895,168,2023844,0.00008301,27514.97301,322,0.013595402,18,0.000008894,168,0.00008301
Sutton North,E05000565,187.372,0,E09000029,Sutton,116893,160,1873677,0.000085393,25583.37643,319,0.013654101,26,0.000013876,162,0.000086461
Stonecot,E05000563,198.358,0,E09000029,Sutton,116899,286,1983603,0.000144182,34156.69039,569,0.017219519,23,0.000011595,286,0.000144182
The Wrythe,E05000568,148.361,0,E09000029,Sutton,119327,212,1483599,0.000142895,26990.39725,394,0.018192515,13,0.000008762,212,0.000142895
Wallington South,E05000570,171.798,0,E09000029,Sutton,116891,138,1717999,0.000080326,22339.54153,272,0.013003233,8,0.000004656,141,0.000082072
Wallington North,E05000569,161.927,0,E09000029,Sutton,51325,159,1619272,0.000098192,23263.44871,311,0.014366609,16,0.000009881,159,0.000098192
Beddington North,E05000555,498.821,0,E09000029,Sutton,51326,268,4988225,0.000053726,46183.28295,529,0.00925846,50,0.000010023,274,0.000054929
Hampton,E05000520,687.724,0,E09000027,Richmond upon Thames,117445,191,6877230,0.000027772,41093.03977,367,0.005975231,11,0.000001599,193,0.000028063
Teddington,E05000530,429.55,2.823,E09000027,Richmond upon Thames,117446,193,4295467,0.000044931,34236.00215,382,0.007970263,13,0.000003026,195,0.000045396
Hampton Wick,E05000522,274.552,0.444,E09000027,Richmond upon Thames,50529,168,2745600,0.000061188,26556.39786,317,0.009672347,13,0.000004734,169,0.000061553
Heathfield,E05000523,191.058,0,E09000027,Richmond upon Thames,51143,150,1910557,0.000078511,26942.18046,284,0.014101741,7,0.000003663,153,0.000080081
Twickenham Riverside,E05000531,196.431,21.262,E09000027,Richmond upon Thames,117431,171,1964302,0.000087053,23954.62731,316,0.012194981,16,0.000008145,171,0.000087053
"Ham, Petersham and Richmond Riverside",E05000519,943.267,18.15,E09000027,Richmond upon Thames,51116,239,9432719,0.000025337,49671.59532,442,0.005265883,29,0.000003074,240,0.000025443
North Richmond,E05000526,280.147,8.585,E09000027,Richmond upon Thames,117432,157,2801472,0.000056042,23559.28103,319,0.008409607,45,0.000016063,160,0.000057112
Kew,E05000524,357.625,27.583,E09000027,Richmond upon Thames,51115,254,3576261,0.000071023,35211.43091,473,0.009845878,21,0.000005872,256,0.000071583
East Sheen,E05000517,583.319,0,E09000027,Richmond upon Thames,117429,167,5833174,0.000028629,30989.0301,304,0.00531255,10,0.000001714,167,0.000028629
Mortlake and Barnes Common,E05000525,193.608,9.313,E09000027,Richmond upon Thames,50461,163,1936084,0.00008419,26419.41191,323,0.013645798,23,0.000011879,164,0.000084707
Hampton North,E05000521,194.98,0,E09000027,Richmond upon Thames,117449,156,1949817,0.000080007,23287.61763,315,0.011943488,15,0.000007693,156,0.000080007
Fulwell and Hampton Hill,E05000518,191.772,0,E09000027,Richmond upon Thames,51128,160,1917722,0.000083432,24795.7358,304,0.012929786,3,0.000001564,160,0.000083432
West Twickenham,E05000532,245.856,0,E09000027,Richmond upon Thames,117447,208,2458569,0.000084602,30428.094,385,0.012376343,20,0.000008134,209,0.000085008
Whitton,E05000533,162.597,0,E09000027,Richmond upon Thames,51142,141,1625983,0.000086716,26018.72856,271,0.016001845,5,0.000003075,141,0.000086716
South Twickenham,E05000529,172.727,3.688,E09000027,Richmond upon Thames,117448,140,1727279,0.000081052,22236.24655,284,0.012873569,9,0.00000521,143,0.000082789
St. Margarets and North Twickenham,E05000527,200.763,4.026,E09000027,Richmond upon Thames,117430,156,2007612,0.000077704,29091.82246,321,0.014490759,58,0.00002889,169,0.000084179
South Richmond,E05000528,269.139,3.142,E09000027,Richmond upon Thames,50527,195,2691386,0.000072453,29747.51816,377,0.011052862,15,0.000005573,195,0.000072453
Barnes,E05000516,300.994,36.426,E09000027,Richmond upon Thames,50474,137,3009952,0.000045515,23936.12202,255,0.007952326,6,0.000001993,138,0.000045847
Cannon Hill,E05000456,222.344,0,E09000024,Merton,50826,219,2223419,0.000098497,28342.37574,452,0.012747204,17,0.000007645,220,0.000098946
Cricket Green,E05000458,299.553,0,E09000024,Merton,50783,195,2995506,0.000065097,31624.35838,394,0.010557267,34,0.00001135,196,0.000065431
Village,E05000472,621.285,0,E09000024,Merton,50778,247,6212887,0.000039756,43406.36916,479,0.006986505,10,0.000001609,247,0.000039756
Wimbledon Park,E05000474,231.007,0,E09000024,Merton,51250,135,2310071,0.000058439,25169.37815,264,0.010895499,3,0.000001298,135,0.000058439
Lower Morden,E05000465,180.378,0,E09000024,Merton,50534,236,1803767,0.000130837,32665.18637,462,0.018109426,6,0.000003326,247,0.000136935
West Barnes,E05000473,195.164,0,E09000024,Merton,50825,132,1951635,0.000067635,24586.33541,263,0.012597814,15,0.000007685,139,0.000071222
Raynes Park,E05000469,185.651,0,E09000024,Merton,50822,147,1856502,0.000079181,24625.60298,298,0.013264517,10,0.000005386,147,0.000079181
Dundonald,E05000459,115.197,0,E09000024,Merton,50823,108,1151989,0.00009375,17746.89929,215,0.015405441,11,0.000009548,109,0.000094619
St. Helier,E05000470,184.527,0,E09000024,Merton,50842,169,1845287,0.000091584,23195.81161,329,0.0125703,26,0.000014089,175,0.000094836
Ravensbury,E05000468,183.954,0,E09000024,Merton,50780,146,1839550,0.000079367,23348.42657,297,0.012692466,44,0.000023918,153,0.000083172
Merton Park,E05000466,181.418,0,E09000024,Merton,51252,188,1814168,0.000103628,27746.08095,382,0.015294107,28,0.000015434,188,0.000103628
Abbey,E05000455,139.326,0,E09000024,Merton,50779,151,1393255,0.000108379,22601.778,297,0.016222283,19,0.000013637,151,0.000108379
Figge's Marsh,E05000460,114.19,0,E09000024,Merton,117356,172,1141933,0.000150621,22443.37522,360,0.019653845,21,0.000018389,177,0.000155
Pollards Hill,E05000467,216.326,0,E09000024,Merton,51193,254,2163301,0.000117413,32623.46661,445,0.01508041,10,0.000004622,258,0.000119262
Graveney,E05000461,88.249,0,E09000024,Merton,122408,141,882522,0.000159769,18051.85352,256,0.020454848,3,0.000003399,141,0.000159769
Longthornton,E05000464,148.343,0,E09000024,Merton,50785,156,1483419,0.000105162,24264.05129,306,0.016356842,4,0.000002696,156,0.000105162
Hillside,E05000462,118.898,0,E09000024,Merton,50824,148,1188978,0.000124476,19511.57209,305,0.016410372,4,0.000003364,149,0.000125317
Trinity,E05000471,107.601,0,E09000024,Merton,51251,113,1076004,0.000105018,16291.11506,224,0.015140385,6,0.000005576,113,0.000105018
Lavender Fields,E05000463,117.965,0,E09000024,Merton,50781,111,1179632,0.000094097,17113.33012,239,0.014507346,9,0.000007629,112,0.000094944
Colliers Wood,E05000457,111.09,0,E09000024,Merton,122406,118,1110919,0.000106218,18278.30637,246,0.01645332,28,0.000025204,122,0.000109819
Roehampton and Putney Heath,E05000621,442.415,0,E09000032,Wandsworth,117302,313,4424176,0.000070747,40917.32895,563,0.009248576,28,0.000006328,318,0.000071877
Thamesfield,E05000625,192.172,26.211,E09000032,Wandsworth,51249,178,1921735,0.000092624,25106.04713,313,0.01306426,11,0.000005724,178,0.000092624
Wandsworth Common,E05000627,276.497,0,E09000032,Wandsworth,117305,217,2764960,0.000078482,34267.2115,400,0.012393384,14,0.000005063,218,0.000078843
West Hill,E05000628,168.568,0,E09000032,Wandsworth,117310,198,1685684,0.000117459,27699.13524,379,0.016431985,10,0.000005932,199,0.000118053
West Putney,E05000629,184.761,0,E09000032,Wandsworth,50644,258,1847553,0.000139644,35486.95234,477,0.019207542,5,0.000002706,259,0.000140185
East Putney,E05000613,161.034,0,E09000032,Wandsworth,117303,238,1610314,0.000147797,28091.61208,475,0.017444804,26,0.000016145,240,0.000149039
Graveney,E05000616,101.117,0,E09000032,Wandsworth,122407,128,1011147,0.000126588,19619.91343,242,0.019403621,6,0.000005933,129,0.000127577
Tooting,E05000626,160.02,0,E09000032,Wandsworth,50715,162,1600208,0.000101236,25932.29143,299,0.016205575,2,0.000001249,162,0.000101236
Southfields,E05000624,152.469,0,E09000032,Wandsworth,50645,131,1524688,0.000085919,22486.0311,259,0.014747955,10,0.000006558,131,0.000085919
Earlsfield,E05000612,140.341,0,E09000032,Wandsworth,117304,149,1403402,0.00010617,22843.36079,266,0.016277132,2,0.000001425,149,0.00010617
Nightingale,E05000618,123.197,0,E09000032,Wandsworth,117311,133,1231976,0.000107956,21030.32548,247,0.017070401,0,0,133,0.000107956
Furzedown,E05000615,141.528,0,E09000032,Wandsworth,122411,137,1415272,0.000096801,23693.68045,250,0.016741432,11,0.000007772,141,0.000099627
Bedford,E05000611,180.48,0,E09000032,Wandsworth,50713,102,1804807,0.000056515,19837.16885,194,0.010991296,6,0.000003324,103,0.000057069
Balham,E05000610,121.176,0,E09000032,Wandsworth,50717,149,1211741,0.000122963,22558.99345,288,0.018617009,12,0.000009903,149,0.000122963
Fairfield,E05000614,145.428,6.745,E09000032,Wandsworth,117306,178,1454292,0.000122396,25316.49561,350,0.017408124,32,0.000022003,182,0.000125146
Northcote,E05000619,167.535,0,E09000032,Wandsworth,117307,167,1675347,0.00009968,24038.84664,313,0.014348577,2,0.000001193,167,0.00009968
Latchmere,E05000617,108.326,0,E09000032,Wandsworth,117312,140,1083275,0.000129237,18855.10026,288,0.017405645,19,0.000017539,142,0.000131084
St. Mary's Park,E05000622,139.685,31.399,E09000032,Wandsworth,117308,132,1396871,0.000094496,18816.98168,268,0.013470808,8,0.000005727,135,0.000096644
Queenstown,E05000620,320.486,31.244,E09000032,Wandsworth,117309,169,3204843,0.000052732,32465.47771,351,0.01013013,30,0.00000936,176,0.000054916
Shaftesbury,E05000623,94.789,0,E09000032,Wandsworth,50798,116,947871,0.000122379,19365.78804,222,0.020430826,2,0.00000211,116,0.000122379
Palace Riverside,E05000259,148.083,34.321,E09000013,Hammersmith and Fulham,117145,70,1480802,0.000047271,13393.06675,150,0.009044468,6,0.000004051,70,0.000047271
Munster,E05000257,62.427,0,E09000013,Hammersmith and Fulham,117153,85,624271,0.000136158,12966.49401,170,0.020770617,0,0,85,0.000136158
Sands End,E05000262,137.806,23.596,E09000013,Hammersmith and Fulham,117151,109,1378090,0.000079095,16242.53737,206,0.011786267,2,0.000001451,111,0.000080546
Parsons Green and Walham,E05000260,89.587,0,E09000013,Hammersmith and Fulham,117150,140,895839,0.000156278,18089.59998,270,0.020192914,9,0.000010046,141,0.000157394
Fulham Broadway,E05000254,66.797,0,E09000013,Hammersmith and Fulham,117155,108,667963,0.000161685,13503.22987,210,0.020215535,5,0.000007485,108,0.000161685
Ravenscourt Park,E05000261,121.533,6.317,E09000013,Hammersmith and Fulham,117147,130,1215313,0.000106968,19305.4585,257,0.015885174,6,0.000004937,132,0.000108614
Hammersmith Broadway,E05000256,110.305,5.486,E09000013,Hammersmith and Fulham,117148,180,1103045,0.000163184,22388.89561,327,0.020297354,18,0.000016318,180,0.000163184
Avonmore and Brook Green,E05000252,89.659,0,E09000013,Hammersmith and Fulham,117149,129,896601,0.000143876,17565.23838,243,0.019590919,2,0.00000223,129,0.000143876
Askew,E05000251,76.25,0,E09000013,Hammersmith and Fulham,117146,105,762495,0.000137705,15191.8967,214,0.019923929,4,0.000005245,106,0.000139017
Wormholt and White City,E05000265,90.164,0,E09000013,Hammersmith and Fulham,117157,119,901621,0.000131984,17074.84251,222,0.018937937,11,0.0000122,119,0.000131984
Shepherd's Bush Green,E05000263,106.82,0,E09000013,Hammersmith and Fulham,117158,120,1068171,0.000112341,19209.29735,245,0.017983354,13,0.00001217,121,0.000113277
College Park and Old Oak,E05000253,343.654,0,E09000013,Hammersmith and Fulham,50480,150,3436568,0.000043648,30483.66073,301,0.008870379,20,0.000005819,150,0.000043648
Town,E05000264,65.129,0,E09000013,Hammersmith and Fulham,117152,118,651314,0.000181172,15200.05785,234,0.023337526,0,0,119,0.000182707
Fulham Reach,E05000255,88.198,5.928,E09000013,Hammersmith and Fulham,117154,102,881990,0.000115647,14454.30793,193,0.01638829,4,0.000004535,102,0.000115647
North End,E05000258,63.517,0,E09000013,Hammersmith and Fulham,117156,77,635163,0.000121228,10217.74065,154,0.0160868,2,0.000003148,77,0.000121228
Addison,E05000250,55.481,0,E09000013,Hammersmith and Fulham,50641,80,554823,0.00014419,11383.46245,157,0.020517286,3,0.000005407,82,0.000147794
Cremorne,E05000387,61.028,13.241,E09000020,Kensington and Chelsea,51243,83,610277,0.000136003,10220.32072,165,0.016747019,2,0.000003277,83,0.000136003
Holland,E05000391,103.896,0,E09000020,Kensington and Chelsea,50661,118,1038942,0.000113577,16146.10814,231,0.015540913,10,0.000009625,121,0.000116464
Norland,E05000392,72.393,0,E09000020,Kensington and Chelsea,117492,103,723927,0.000142279,15372.01477,224,0.021234205,6,0.000008288,106,0.000146423
Golborne,E05000389,94.413,0,E09000020,Kensington and Chelsea,50559,93,944136,0.000098502,16345.21277,185,0.017312349,5,0.000005295,95,0.000100621
Redcliffe,E05000396,69.64,0,E09000020,Kensington and Chelsea,51247,78,696389,0.000112006,12028.3877,157,0.017272512,4,0.000005743,78,0.000112006
Stanley,E05000399,66.235,0,E09000020,Kensington and Chelsea,117490,113,662356,0.000170603,14224.63887,221,0.021475821,0,0,113,0.000170603
Royal Hospital,E05000397,90.143,12.753,E09000020,Kensington and Chelsea,117491,106,901408,0.000117593,13825.60218,207,0.015337785,2,0.000002218,112,0.00012425
Brompton,E05000383,95.504,0,E09000020,Kensington and Chelsea,117493,186,955061,0.000194752,22212.71151,379,0.023257898,2,0.000002094,190,0.00019894
Abingdon,E05000382,63.06,0,E09000020,Kensington and Chelsea,50660,109,630606,0.000172849,13079.59716,207,0.020741314,5,0.000007928,109,0.000172849
Pembridge,E05000394,48.904,0,E09000020,Kensington and Chelsea,50562,76,489054,0.000155402,9956.30473,151,0.020358293,0,0,76,0.000155402
Notting Barns,E05000393,62.332,0,E09000020,Kensington and Chelsea,50484,72,623337,0.000115507,12806.01446,174,0.020544287,2,0.000003208,78,0.000125133
Colville,E05000385,39.212,0,E09000020,Kensington and Chelsea,50563,64,392116,0.000163217,9077.640511,140,0.023150395,3,0.00000765,64,0.000163217
St. Charles,E05000398,70.783,0,E09000020,Kensington and Chelsea,50483,75,707812,0.00010596,12360.23325,156,0.017462593,0,0,80,0.000113024
Earl's Court,E05000388,45.828,0,E09000020,Kensington and Chelsea,50662,59,458286,0.00012874,7507.936069,115,0.016382643,4,0.000008728,59,0.00012874
Courtfield,E05000386,47.76,0,E09000020,Kensington and Chelsea,50654,75,477598,0.000157035,10538.22739,158,0.022065057,1,0.000002093,75,0.000157035
Queen's Gate,E05000395,60.645,0,E09000020,Kensington and Chelsea,50657,103,606445,0.000169842,13843.88759,203,0.022827935,5,0.000008244,104,0.000171491
Hans Town,E05000390,55.234,0,E09000020,Kensington and Chelsea,117494,121,552343,0.000219066,14290.28172,239,0.025872115,0,0,121,0.000219066
Campden,E05000384,91.37,0,E09000020,Kensington and Chelsea,50561,108,913695,0.000118201,14692.37855,206,0.016080178,1,0.000001094,108,0.000118201
St. James's,E05000644,346.379,27.146,E09000033,Westminster,117483,442,3463810,0.000127605,52173.29971,833,0.015062402,43,0.000012414,450,0.000129914
Lancaster Gate,E05000638,63.082,0,E09000033,Westminster,50773,130,630821,0.00020608,16281.60827,251,0.025810187,3,0.000004755,130,0.00020608
Knightsbridge and Belgravia,E05000637,359.43,0,E09000033,Westminster,117482,276,3594278,0.000076788,37888.407,553,0.010541312,23,0.000006399,284,0.000079014
Hyde Park,E05000636,95.514,0,E09000033,Westminster,50772,206,955101,0.000215684,25235.04489,397,0.026421336,6,0.000006282,215,0.000225107
Churchill,E05000633,60.923,9.333,E09000033,Westminster,50796,84,609237,0.000137877,9920.495536,163,0.016283475,2,0.000003282,84,0.000137877
Vincent Square,E05000646,68.355,8.89,E09000033,Westminster,117485,105,683550,0.000153609,12906.82308,200,0.018882046,4,0.000005851,106,0.000155072
West End,E05000649,199.973,0,E09000033,Westminster,50723,446,1999714,0.000223031,50141.7657,859,0.025074468,5,0.0000025,457,0.000228532
Harrow Road,E05000635,49.519,0,E09000033,Westminster,50565,73,495224,0.000147408,10259.35727,143,0.020716599,0,0,73,0.000147408
Bryanston and Dorset Square,E05000632,72.318,0,E09000033,Westminster,50771,170,723213,0.000235062,19399.09357,333,0.026823485,5,0.000006913,170,0.000235062
Regent's Park,E05000643,225.576,0,E09000033,Westminster,50571,169,2255777,0.000074918,22730.55297,329,0.010076595,6,0.000002659,172,0.000076248
Abbey Road,E05000630,109.492,0,E09000033,Westminster,117484,119,1094910,0.000108684,18704.74448,249,0.017083362,2,0.000001826,119,0.000108684
Marylebone High Street,E05000641,100.107,0,E09000033,Westminster,117487,213,1001076,0.000212771,25468.03562,426,0.025440661,0,0,218,0.000217765
Queen's Park,E05000642,58.441,0,E09000033,Westminster,50555,104,584410,0.000177957,14285.35495,198,0.024444063,5,0.000008555,104,0.000177957
Bayswater,E05000631,51.949,0,E09000033,Westminster,50564,69,519513,0.000132816,10600.04846,150,0.020403817,2,0.000003849,69,0.000132816
Warwick,E05000647,57.354,0,E09000033,Westminster,50794,129,573553,0.000224913,14536.07542,256,0.025343909,5,0.000008717,129,0.000224913
Tachbrook,E05000645,44.328,8.94,E09000033,Westminster,117486,52,443277,0.000117308,7608.105696,107,0.017163321,3,0.000006767,52,0.000117308
Westbourne,E05000648,67.646,0,E09000033,Westminster,50566,73,676438,0.000107918,12940.09446,177,0.019129756,3,0.000004435,76,0.000112353
Little Venice,E05000639,63.733,0,E09000033,Westminster,50568,87,637326,0.000136507,13073.90099,185,0.020513679,4,0.000006276,92,0.000144353
Maida Vale,E05000640,64.615,0,E09000033,Westminster,50639,61,646154,0.000094404,8916.838898,118,0.013799866,0,0,63,0.0000975
Church Street,E05000634,44.269,0,E09000033,Westminster,50567,86,442676,0.000194273,10965.69848,176,0.024771386,4,0.000009036,86,0.000194273
Swiss Cottage,E05000144,125.671,0,E09000007,Camden,117288,126,1256730,0.00010026,18099.00889,260,0.014401668,7,0.00000557,133,0.00010583
Highgate,E05000137,323.926,0,E09000007,Camden,50573,148,3239258,0.000045689,25894.60192,286,0.007993991,8,0.000002469,149,0.000045998
Kilburn,E05000140,68.518,0,E09000007,Camden,117286,79,685155,0.000115302,12366.91775,167,0.01804981,2,0.000002919,80,0.000116761
Bloomsbury,E05000129,102.091,0,E09000007,Camden,117296,175,1020927,0.000171412,22497.90221,336,0.022036739,7,0.000006856,175,0.000171412
Holborn and Covent Garden,E05000138,119.493,0,E09000007,Camden,117300,232,1194916,0.000194155,27492.24646,459,0.023007681,3,0.00000251,233,0.000194992
St. Pancras and Somers Town,E05000143,139.889,0,E09000007,Camden,117290,135,1398918,0.000096503,21696.61169,279,0.015509566,16,0.000011437,135,0.000096503
Camden Town with Primrose Hill,E05000130,116.615,0,E09000007,Camden,117297,143,1166152,0.000122625,19189.07713,284,0.016455039,4,0.00000343,144,0.000123483
Cantelowes,E05000131,75.933,0,E09000007,Camden,117299,94,759314,0.000123796,14763.66025,202,0.019443419,5,0.000006584,94,0.000123796
King's Cross,E05000141,61.138,0,E09000007,Camden,117301,100,611352,0.000163571,12662.89529,205,0.020712936,14,0.0000229,103,0.000168479
Fortune Green,E05000132,100.652,0,E09000007,Camden,117295,94,1006511,0.000093391,15726.70799,180,0.015624973,1,0.000000993,94,0.000093391
Frognal and Fitzjohns,E05000133,153.023,0,E09000007,Camden,117293,140,1530218,0.00009149,22627.82184,293,0.014787319,9,0.000005881,140,0.00009149
Gospel Oak,E05000134,69.232,0,E09000007,Camden,117291,80,692301,0.000115556,12202.66013,160,0.017626235,4,0.000005777,80,0.000115556
Hampstead Town,E05000135,244.939,0,E09000007,Camden,117294,176,2449389,0.000071854,24759.65,343,0.0101085,9,0.000003674,176,0.000071854
Kentish Town,E05000139,102.895,0,E09000007,Camden,117292,128,1028976,0.000124395,17825.81877,251,0.017323843,4,0.000003887,128,0.000124395
West Hampstead,E05000145,88.729,0,E09000007,Camden,117287,89,887292,0.000100305,14016.49292,178,0.015796933,2,0.000002254,89,0.000100305
Belsize,E05000128,78.057,0,E09000007,Camden,50576,127,780567,0.000162702,15276.03076,236,0.019570428,2,0.000002562,127,0.000162702
Haverstock,E05000136,73.177,0,E09000007,Camden,117298,96,731764,0.000131189,12869.70904,190,0.017587239,2,0.000002733,96,0.000131189
Regent's Park,E05000142,134.956,0,E09000007,Camden,117289,181,1349553,0.000134118,23050.97778,347,0.017080453,0,0,181,0.000134118
Millwall,E05000583,245.818,49.743,E09000030,Tower Hamlets,117257,176,2458209,0.000071596,29295.20525,372,0.011917296,22,0.000008949,192,0.000078105
Blackwall and Cubitt Town,E05000575,296.713,72.369,E09000030,Tower Hamlets,117258,241,2967083,0.000081224,37949.87188,497,0.012790296,13,0.000004381,266,0.00008965
Shadwell,E05000586,96.225,9.72,E09000030,Tower Hamlets,51234,118,962243,0.00012263,16064.36623,254,0.016694708,8,0.000008313,118,0.00012263
St. Katharine's and Wapping,E05000585,150.909,36.301,E09000030,Tower Hamlets,51235,142,1509095,0.000094096,19227.91831,278,0.012741357,3,0.000001987,142,0.000094096
Limehouse,E05000580,114.284,7.034,E09000030,Tower Hamlets,117259,157,1142818,0.000137379,20587.79149,309,0.018014934,15,0.000013125,157,0.000137379
Bethnal Green South,E05000574,88.187,0,E09000030,Tower Hamlets,117260,138,881850,0.000156489,17727.02031,288,0.020102081,4,0.000004535,138,0.000156489
Mile End and Globe Town,E05000581,90.039,0,E09000030,Tower Hamlets,50748,144,900400,0.000159928,17368.87446,283,0.019290176,6,0.000006663,144,0.000159928
Bethnal Green North,E05000573,82.534,0,E09000030,Tower Hamlets,117261,148,825364,0.000179314,17609.18296,294,0.02133505,5,0.000006057,149,0.000180526
St. Dunstan's and Stepney Green,E05000584,101.848,0,E09000030,Tower Hamlets,117264,170,1018512,0.00016691,19981.45498,329,0.019618281,5,0.000004909,171,0.000167892
Mile End East,E05000582,107.133,0,E09000030,Tower Hamlets,50745,117,1071342,0.000109208,17152.08665,251,0.016009907,13,0.000012134,117,0.000109208
East India and Lansbury,E05000579,122.341,4.54,E09000030,Tower Hamlets,117265,185,1223400,0.000151217,23684.41573,357,0.019359502,2,0.000001634,185,0.000151217
Bromley-by-Bow,E05000578,107.073,0,E09000030,Tower Hamlets,117266,124,1070728,0.000115809,18185.54394,253,0.016984279,7,0.000006537,129,0.000120478
Bow West,E05000577,134.293,0,E09000030,Tower Hamlets,117262,108,1342913,0.000080422,19806.37236,231,0.014748812,21,0.000015637,114,0.00008489
Bow East,E05000576,186.61,0,E09000030,Tower Hamlets,117263,154,1866095,0.000082525,27319.67779,316,0.014640025,16,0.000008574,160,0.00008574
Whitechapel,E05000589,92.147,0,E09000030,Tower Hamlets,50753,186,921457,0.000201854,21004.62576,365,0.022795014,2,0.00000217,186,0.000201854
Spitalfields and Banglatown,E05000587,63.773,0,E09000030,Tower Hamlets,50754,119,637734,0.000186598,13426.5369,232,0.021053506,6,0.000009408,119,0.000186598
Weavers,E05000588,77.575,0,E09000030,Tower Hamlets,50811,154,775742,0.000198519,17869.69757,308,0.023035619,7,0.000009023,161,0.000207543
Clerkenwell,E05000370,93.263,0,E09000019,Islington,50755,163,932631,0.000174774,19502.19969,354,0.020910949,7,0.000007505,167,0.000179063
Caledonian,E05000368,113.611,0,E09000019,Islington,50626,124,1136135,0.000109142,18193.67296,264,0.016013654,3,0.00000264,124,0.000109142
St. Mary's,E05000379,86.831,0,E09000019,Islington,50761,150,868305,0.00017275,17952.50703,302,0.020675346,17,0.000019578,154,0.000177357
Holloway,E05000375,100.874,0,E09000019,Islington,117408,121,1008704,0.000119955,17613.04042,244,0.017461059,0,0,121,0.000119955
Highbury East,E05000372,100.809,0,E09000019,Islington,50667,104,1008085,0.000103165,16912.72757,215,0.016777084,19,0.000018847,105,0.000104157
Highbury West,E05000373,108.254,0,E09000019,Islington,117409,102,1082545,0.000094222,15687.77223,214,0.014491565,13,0.000012008,103,0.000095146
Tollington,E05000381,84.866,0,E09000019,Islington,117405,113,848683,0.000133147,16444.8863,226,0.019376947,6,0.000007069,113,0.000133147
Bunhill,E05000367,108.263,0,E09000019,Islington,50812,203,1082622,0.000187507,22381.27612,406,0.020673213,7,0.000006465,207,0.000191202
St. Peter's,E05000380,81.053,0,E09000019,Islington,50762,135,810524,0.000166558,17516.12622,270,0.021610866,13,0.000016039,135,0.000166558
Canonbury,E05000369,80.72,0,E09000019,Islington,117407,118,807227,0.000146179,16215.46535,222,0.020087863,8,0.00000991,118,0.000146179
Barnsbury,E05000366,83.012,0,E09000019,Islington,50763,116,830103,0.000139741,16201.18445,252,0.019517077,4,0.000004818,116,0.000139741
St. George's,E05000378,84.582,0,E09000019,Islington,50625,87,845832,0.000102857,13641.53187,181,0.016127944,6,0.000007093,87,0.000102857
Junction,E05000376,102.75,0,E09000019,Islington,50586,112,1027499,0.000109002,16183.85585,238,0.015750726,5,0.000004866,112,0.000109002
Finsbury Park,E05000371,91.626,0,E09000019,Islington,117410,132,916269,0.000144062,17434.29982,260,0.01902749,7,0.000007639,132,0.000144062
Hillrise,E05000374,82.471,0,E09000019,Islington,117406,99,824700,0.000120043,14103.5061,201,0.017101377,1,0.000001212,99,0.000120043
Mildmay,E05000377,82.68,0,E09000019,Islington,50699,92,826792,0.000111273,14039.03045,196,0.016980123,3,0.000003628,94,0.000113692
Haggerston,E05000239,124.25,0,E09000012,Hackney,117332,219,1242535,0.000176252,25865.97493,447,0.020817099,16,0.000012876,219,0.000176252
Brownswood,E05000231,83.855,0,E09000012,Hackney,50583,79,838529,0.000094212,12115.01751,170,0.014447941,2,0.000002385,79,0.000094212
De Beauvoir,E05000236,88.783,0,E09000012,Hackney,50759,113,887803,0.00012728,16466.91569,239,0.018547938,7,0.000007884,113,0.00012728
Queensbridge,E05000245,107.974,0,E09000012,Hackney,50810,176,1079720,0.000163005,21635.33635,337,0.020037913,13,0.00001204,176,0.000163005
Wick,E05000249,162.744,0,E09000012,Hackney,50741,169,1627435,0.000103844,25148.0878,329,0.015452591,21,0.000012903,169,0.000103844
Dalston,E05000235,92.658,0,E09000012,Hackney,117336,149,926575,0.000160807,18315.81913,295,0.019767227,7,0.000007554,149,0.000160807
Stoke Newington Central,E05000247,71.192,0,E09000012,Hackney,117340,95,711925,0.000133441,14346.77486,197,0.020152087,7,0.000009832,95,0.000133441
Hackney Downs,E05000238,101.805,0,E09000012,Hackney,117342,109,1018044,0.000107068,16121.71419,225,0.015835969,9,0.00000884,111,0.000109032
Leabridge,E05000242,106.363,0,E09000012,Hackney,50675,96,1063610,0.000090258,17360.02724,211,0.016321797,17,0.000015983,102,0.000095899
New River,E05000244,97.798,0,E09000012,Hackney,117333,100,977976,0.000102252,14883.22194,196,0.015218391,6,0.000006135,100,0.000102252
Cazenove,E05000232,68.462,0,E09000012,Hackney,117343,91,684627,0.000132919,13427.22353,176,0.019612465,2,0.000002921,91,0.000132919
King's Park,E05000241,181.956,0,E09000012,Hackney,117334,85,1819561,0.000046714,13289.53121,172,0.007303701,15,0.000008243,85,0.000046714
Hoxton,E05000240,83.96,0,E09000012,Hackney,117335,144,839611,0.000171508,16994.81401,274,0.020241295,2,0.000002382,144,0.000171508
Victoria,E05000248,80.221,0,E09000012,Hackney,50751,139,802212,0.00017327,17073.06966,267,0.021282491,7,0.000008725,140,0.000174517
Hackney Central,E05000237,78.031,0,E09000012,Hackney,117337,88,780320,0.000112774,13713.94159,183,0.017574766,4,0.000005126,88,0.000112774
Chatham,E05000233,90.75,0,E09000012,Hackney,117338,132,907496,0.000145455,17775.60728,259,0.019587532,6,0.000006611,132,0.000145455
Clissold,E05000234,70.044,0,E09000012,Hackney,117339,96,700442,0.000137056,13619.06148,197,0.019443524,3,0.000004283,96,0.000137056
Lordship,E05000243,118.804,0,E09000012,Hackney,117341,96,1188045,0.000080805,14577.74931,203,0.012270368,3,0.000002525,96,0.000080805
Springfield,E05000246,95.256,0,E09000012,Hackney,50676,88,952558,0.000092382,13915.34675,172,0.014608398,11,0.000011547,88,0.000092382
Highgate,E05000272,249.482,0,E09000014,Haringey,117131,138,2494854,0.000055313,24800.75888,271,0.009940765,9,0.000003607,140,0.000056115
Harringay,E05000271,156.609,0,E09000014,Haringey,117132,83,1566078,0.000052998,16344.72679,169,0.010436725,12,0.000007662,83,0.000052998
Fortis Green,E05000270,199.071,0,E09000014,Haringey,119323,137,1990719,0.000068819,23622.49812,270,0.011866314,14,0.000007032,141,0.000070828
Bounds Green,E05000267,138.624,0,E09000014,Haringey,50494,132,1386201,0.000095224,20123.22647,254,0.014516817,8,0.000005771,132,0.000095224
Crouch End,E05000269,144.04,0,E09000014,Haringey,117135,133,1440391,0.000092336,19894.761,259,0.013812055,9,0.000006248,134,0.00009303
Stroud Green,E05000279,109.374,0,E09000014,Haringey,50702,87,1093740,0.000079543,16230.15813,170,0.014839137,6,0.000005485,87,0.000079543
Muswell Hill,E05000274,165.328,0,E09000014,Haringey,50708,116,1653254,0.000070164,19949.63,226,0.012066887,16,0.000009677,119,0.000071979
Hornsey,E05000273,105.39,0,E09000014,Haringey,117136,103,1053925,0.000097729,16517.72462,197,0.01567258,10,0.000009488,103,0.000097729
Alexandra,E05000266,261.385,0,E09000014,Haringey,50594,120,2613870,0.000045908,23729.6418,222,0.009078355,9,0.000003443,122,0.000046674
Noel Park,E05000275,122.564,0,E09000014,Haringey,50592,122,1225628,0.00009954,19977.68446,240,0.016299957,16,0.000013054,122,0.00009954
Woodside,E05000284,149.715,0,E09000014,Haringey,50537,128,1497163,0.000085495,21015.72638,254,0.014037033,4,0.000002671,129,0.000086163
St. Ann's,E05000277,109.381,0,E09000014,Haringey,117137,120,1093803,0.000109709,19338.09029,233,0.017679683,7,0.000006399,120,0.000109709
Seven Sisters,E05000278,129.463,0,E09000014,Haringey,50701,127,1294642,0.000098096,19983.66866,238,0.015435671,4,0.000003089,127,0.000098096
Tottenham Green,E05000280,135.966,0,E09000014,Haringey,117133,164,1359649,0.000120619,23516.44023,331,0.017295964,25,0.000018387,164,0.000120619
West Green,E05000282,139.911,0,E09000014,Haringey,50591,102,1399139,0.000072902,19477.60701,211,0.013921137,7,0.000005003,103,0.000073616
Tottenham Hale,E05000281,191.189,0,E09000014,Haringey,50694,150,1911888,0.000078456,25355.58879,310,0.013262068,30,0.000015691,150,0.000078456
White Hart Lane,E05000283,169.885,0,E09000014,Haringey,50597,186,1698836,0.000109486,26436.09707,341,0.0155613,31,0.000018247,189,0.000111252
Bruce Grove,E05000268,93.658,0,E09000014,Haringey,50589,100,936575,0.000106772,16910.57052,206,0.018055756,2,0.000002135,100,0.000106772
Northumberland Park,E05000276,188.802,0,E09000014,Haringey,117134,149,1888030,0.000078918,23772.46964,310,0.01259115,8,0.000004237,150,0.000079447
Royal Docks,E05000491,473.052,142.283,E09000025,Newham,116821,147,4730544,0.000031074,28628.44349,327,0.006051829,14,0.000002959,163,0.000034456
Canning Town North,E05000477,252.085,6.136,E09000025,Newham,116825,207,2520856,0.000082115,34128.35204,411,0.013538398,13,0.000005157,214,0.000084891
Beckton,E05000475,625.188,70.665,E09000025,Newham,51352,331,6251861,0.000052944,65325.43535,747,0.010448958,49,0.000007837,393,0.000062861
East Ham South,E05000482,180.899,1.742,E09000025,Newham,50805,147,1808999,0.00008126,24949.08644,280,0.013791653,12,0.000006633,151,0.000083471
Stratford and New Town,E05000492,423.497,4.518,E09000025,Newham,116822,287,4235007,0.000067768,48752.8111,564,0.01151186,47,0.000011098,294,0.000069421
Canning Town South,E05000478,180.875,12.292,E09000025,Newham,116823,194,1808743,0.000107256,28646.62868,397,0.015837865,16,0.000008845,203,0.000112232
Custom House,E05000479,206.344,0,E09000025,Newham,116824,153,2063426,0.000074148,28597.28227,346,0.013859126,27,0.000013085,166,0.000080448
Plaistow South,E05000490,138.452,0,E09000025,Newham,116829,170,1384506,0.000122787,25103.94896,333,0.018132062,9,0.0000065,172,0.000124232
West Ham,E05000494,133.7,0,E09000025,Newham,116828,130,1336976,0.000097234,20294.11754,258,0.015179118,3,0.000002243,130,0.000097234
Plaistow North,E05000489,98.418,0,E09000025,Newham,50738,123,984195,0.000124975,17962.23366,245,0.018250685,1,0.000001016,123,0.000124975
Forest Gate South,E05000484,119.201,0,E09000025,Newham,51318,108,1192017,0.000090602,19523.25212,225,0.016378333,3,0.000002516,111,0.000093119
Boleyn,E05000476,91.718,0,E09000025,Newham,51362,109,917197,0.00011884,17113.18374,216,0.018658133,3,0.00000327,109,0.00011884
East Ham Central,E05000480,103.197,0,E09000025,Newham,51357,110,1031991,0.00010659,17998.81029,218,0.017440859,3,0.000002907,113,0.000109497
Green Street West,E05000486,80.195,0,E09000025,Newham,116826,89,801934,0.000110981,14440.16082,173,0.018006669,0,0,89,0.000110981
Green Street East,E05000485,74.631,0,E09000025,Newham,116827,82,746308,0.000109874,13976.67865,162,0.018727762,1,0.000001339,82,0.000109874
East Ham North,E05000481,90.464,0,E09000025,Newham,51355,64,904626,0.000070747,13342.93962,129,0.014749675,1,0.000001105,64,0.000070747
Wall End,E05000493,137.675,0,E09000025,Newham,51277,89,1376729,0.000064646,19632.39686,192,0.014260175,10,0.000007263,98,0.000071183
Forest Gate North,E05000483,124.768,0,E09000025,Newham,51316,144,1247683,0.000115413,22163.81157,267,0.017763976,6,0.000004808,144,0.000115413
Manor Park,E05000488,133.487,0,E09000025,Newham,51359,98,1334859,0.000073416,19651.55631,197,0.014721821,1,0.000000749,98,0.000073416
Little Ilford,E05000487,189.961,0,E09000025,Newham,51356,181,1899624,0.000095282,30814.9285,328,0.016221593,16,0.000008422,181,0.000095282
Gascoigne,E05000032,113.874,4.906,E09000002,Barking and Dagenham,51280,81,1138715,0.000071132,15863.7058,190,0.013931234,25,0.000021954,89,0.000078158
Thames,E05000039,788.848,120.125,E09000002,Barking and Dagenham,117012,234,7888493,0.000029663,52713.06963,474,0.006682273,59,0.000007479,246,0.000031184
River,E05000038,354.369,41.464,E09000002,Barking and Dagenham,117013,104,3543674,0.000029348,26172.11663,225,0.007385588,14,0.00000395,105,0.00002963
Village,E05000041,214.748,0,E09000002,Barking and Dagenham,50858,118,2147502,0.000054947,20022.21612,248,0.009323491,15,0.000006984,123,0.000057275
Abbey,E05000026,128.292,2.655,E09000002,Barking and Dagenham,51353,113,1282926,0.000088079,19427.7963,250,0.015143349,42,0.000032737,133,0.000103669
Longbridge,E05000035,164.53,0,E09000002,Barking and Dagenham,51279,112,1645285,0.000068073,23784.63677,215,0.014456241,6,0.000003646,113,0.000068681
Eastbury,E05000031,143.921,0,E09000002,Barking and Dagenham,51278,104,1439218,0.000072261,20823.77121,218,0.014468809,15,0.000010422,108,0.00007504
Goresbrook,E05000033,127.782,0,E09000002,Barking and Dagenham,117016,89,1277823,0.000069649,16564.85222,174,0.012963338,9,0.000007043,89,0.000069649
Mayesbrook,E05000036,185.642,0,E09000002,Barking and Dagenham,117015,99,1856440,0.000053327,17728.31468,179,0.009549629,5,0.000002693,99,0.000053327
Becontree,E05000028,128.809,0,E09000002,Barking and Dagenham,117018,130,1288085,0.000100925,21453.58495,252,0.01665541,1,0.000000776,130,0.000100925
Alibon,E05000027,136.442,0,E09000002,Barking and Dagenham,117020,80,1364442,0.000058632,17345.80083,160,0.012712743,4,0.000002931,80,0.000058632
Valence,E05000040,129.284,0,E09000002,Barking and Dagenham,117019,110,1292830,0.000085084,18849.70499,223,0.014580188,0,0,110,0.000085084
Heath,E05000034,200.128,0,E09000002,Barking and Dagenham,117021,141,2001300,0.000070454,23735.48625,281,0.011860034,14,0.000006995,145,0.000072452
Whalebone,E05000042,155.399,0,E09000002,Barking and Dagenham,117022,151,1553976,0.00009717,23429.28217,308,0.015076991,2,0.000001287,151,0.00009717
Eastbrook,E05000030,345.06,0,E09000002,Barking and Dagenham,50856,147,3450576,0.000042601,27838.33964,291,0.008067737,18,0.000005216,148,0.000042891
Chadwell Heath,E05000029,338.422,0,E09000002,Barking and Dagenham,117014,164,3384193,0.00004846,28356.94217,315,0.008379233,18,0.000005318,168,0.000049642
Parsloes,E05000037,124.384,0,E09000002,Barking and Dagenham,117017,84,1243845,0.000067532,16001.14829,174,0.012864262,5,0.000004019,84,0.000067532
Castle Baynard,E05000010,36.065,6.7,E09000001,City of London,122502,62,360651,0.000171911,7219.560616,137,0.020018135,2,0.000005545,62,0.000171911
Farringdon Without,E05000018,34.348,2.271,E09000001,City of London,122517,42,343453,0.000122287,5711.987432,105,0.016631059,4,0.000011646,42,0.000122287
Farringdon Within,E05000017,23.152,0,E09000001,City of London,122518,45,231547,0.000194345,5074.492388,109,0.021915604,3,0.000012956,46,0.000198663
Cripplegate,E05000015,14.545,0,E09000001,City of London,122522,21,145432,0.000144397,2168.416056,52,0.014910171,0,0,21,0.000144397
Langbourn,E05000019,5.633,0,E09000001,City of London,122513,13,56337,0.000230754,1336.207057,37,0.023718108,0,0,13,0.000230754
Tower,E05000023,19.734,0.679,E09000001,City of London,122515,34,197354,0.000172279,4073.965377,86,0.020642932,10,0.00005067,34,0.000172279
Bishopsgate,E05000005,25.271,0,E09000001,City of London,50670,32,252703,0.00012663,3795.305209,81,0.015018837,1,0.000003957,32,0.00012663
Queenhithe,E05000022,7.954,3.57,E09000001,City of London,51176,13,79534,0.000163452,1405.701086,34,0.017674215,0,0,13,0.000163452
Vintry,E05000024,9.211,2.396,E09000001,City of London,122510,20,92095,0.000217167,1804.844783,49,0.019597641,2,0.000021716,20,0.000217167
Cordwainer,E05000013,6.072,0,E09000001,City of London,122507,14,60712,0.000230596,1495.16543,36,0.024627181,0,0,14,0.000230596
Bread Street,E05000006,9.712,0,E09000001,City of London,122504,15,97125,0.00015444,1618.50092,35,0.016664102,2,0.000020592,15,0.00015444
Cheap,E05000011,8.908,0,E09000001,City of London,122503,24,89081,0.000269417,2344.347133,50,0.026317027,0,0,24,0.000269417
Bassishaw,E05000003,10.031,0,E09000001,City of London,122519,8,100305,0.000079756,1700.822957,23,0.016956512,2,0.000019939,8,0.000079756
Aldersgate,E05000001,8.636,0,E09000001,City of London,122521,8,86358,0.000092637,1344.823604,29,0.015572658,1,0.000011579,12,0.000138956
Dowgate,E05000016,9.573,2.545,E09000001,City of London,122509,11,95747,0.000114886,1496.585689,32,0.015630627,0,0,11,0.000114886
Bridge,E05000007,9.419,2.414,E09000001,City of London,122506,12,94197,0.000127392,1690.078707,33,0.017941958,0,0,12,0.000127392
Billingsgate,E05000004,12.163,3.973,E09000001,City of London,122512,12,121622,0.000098666,1440.04168,30,0.011840305,3,0.000024666,12,0.000098666
Walbrook,E05000025,7.152,0,E09000001,City of London,122511,17,71510,0.000237729,1568.416358,41,0.021932825,0,0,17,0.000237729
Cornhill,E05000014,6.478,0,E09000001,City of London,122508,11,64788,0.000169784,1382.047178,35,0.021331838,0,0,11,0.000169784
Lime Street,E05000020,5.512,0,E09000001,City of London,122514,8,55109,0.000145166,976.4660972,27,0.017718813,0,0,8,0.000145166
Aldgate,E05000002,11.227,0,E09000001,City of London,51182,27,112269,0.000240493,2673.818194,61,0.023816175,5,0.000044535,27,0.000240493
Broad Street,E05000008,8.188,0,E09000001,City of London,50669,12,81887,0.000146543,1543.200558,34,0.018845489,0,0,12,0.000146543
Coleman Street,E05000012,15.404,0,E09000001,City of London,122520,21,154037,0.00013633,3041.404179,57,0.019744633,5,0.000032459,21,0.00013633
Portsoken,E05000021,6.209,0,E09000001,City of London,122516,9,62079,0.000144976,1028.588937,28,0.016569032,0,0,9,0.000144976
Candlewick,E05000009,4.346,0,E09000001,City of London,122505,21,43450,0.000483314,1376.35743,47,0.03167681,0,0,21,0.000483314